Address,opAirdropScore,TokenBalanceGIV,TokenBalanceOP,GRDonations,EthDeposits,OptimismBridges,OpTreasuryPayouts,IsOptimismDelegate,InteractedWithContracts,CreatedGnosisSafe,OwnsGnosisSafe,ExecutedGnosisTx,isPartOfOPTreasury,IsGitcoinProjectOwner,GitcoinPassportScore,RegenPOAPs,OptimismTxCount,TrustedSeedMember,GivethActivity,TotalScore,Group
0x00432996c5Cf8200CF208200613aec2329be0e39,0,0,0,0,0,0,0,0,0,0,0,0,0,0,0,0,0,"1,500",1,300,TrustedSeedMember
0x00d18ca9782bE1CaEF611017c2Fbc1a39779A57C,0,100,0.58,0,0,1,1,0,1,1,1,1,0,0,47.6,1,74,"11,793",1,2540,TrustedSeedMember
0x012345629F688F406cE29f442a9658d9bD072544,0,0,0,0,0,0,0,0,0,0,0,0,0,0,0,0,0,0,0,0,RecentOpUser
0x013c97481f4bc30CE86C3649C63EcbAFE77b28B2,0,0,0,0,0,0,0,0,0,0,0,0,0,0,0,0,0,0,0,0,RecentOpUser
0x01891b6583cf33E177c68157c6972E9847487904,0,0,0,0,0,0,0,0,0,0,0,0,0,0,0,0,0,"7,036",1,300,TrustedSeedMember
0x01e6b50557ef1a2ca58a621998ace3f278e808b8,0,0,0,0,0,0,1,1,1,1,1,1,0,0,0,0,252,0,0,2100,Delegate
0x02317BB3f16cE21e9239C217B21Bd18Aa24ab0D3,0,0,0,0,0,0,0,0,0,0,0,0,0,0,0,0,0,"2,459",0,200,TrustedSeedMember
0x02B44d2d429aff8227846EFf67FEa20b720c8645,0,0,0,0,0,0,0,0,0,0,0,0,0,0,0,0,0,0,0,0,RecentOpUser
0x02E76Ca155EF710DDf846bD8C8192A7d2e91D9Cf,0,0,0,0,0,0,0,0,0,0,0,0,0,0,0,0,0,0,0,0,RecentOpUser
0x0363f3c31076a64b85ceb69a28f958a7c1181cee,0,0,2.31,10,0,0,1,0,1,0,0,0,0,0,0,1,8,"1,125",0,1040,TrustedSeedMember
0x039a6c851766821990D8281173FCd429e3763886,0,0,0,0,0,0,0,0,0,0,0,0,0,0,0,0,0,"1,125",0,210,TrustedSeedMember
0x0440DEC91912A3c1De4693cA890C8Ad57697B053,0,0,0,2,0,0,0,0,0,0,0,0,0,0,0,0,0,"1,125",0,300,TrustedSeedMember
0x05A1ff0a32bc24265BCB39499d0c5D9A6cb2011c,0,98655.3,2082.17,8,0,1,2,1,1,0,1,1,0,0,47.29,2,99,"4,139",1,3170,TrustedSeedMember
0x05a45e7416C77C822e24e9679af29D1f07589b40,0,0,0,0,0,0,0,0,0,0,0,0,0,0,0,0,0,"2,182",1,300,TrustedSeedMember
0x05be06b424448052193d53db8955d246a8dbb98a,0,0,330.52,0,0,0,2,0,1,0,0,0,0,0,0,0,18,"1,125",1,1010,TrustedSeedMember
0x05D9EEa07cF58F6eD205e4B5CA59a1C98114C459,0,0,0,0,0,0,0,0,0,0,0,0,0,0,0,0,0,"3,338",0,200,TrustedSeedMember
0x0668d077Ed4dBD45b3523E4DfFC07197b75519E3,0,0,0,0,0,0,0,0,0,0,0,0,0,0,0,1,0,"1,200",0,220,TrustedSeedMember
0x070341aa5ed571f0fb2c4a5641409b1a46b4961b,0,0,205.94,0,0,0,2,1,1,0,0,0,0,0,0,0,24,0,0,1210,Delegate
0x0711fE03A256E2e80162262C1BBdA715F03B9bF4,0,0,0.59,0,0,0,0,0,1,0,0,0,0,0,0,0,101,0,0,310,RecentOpUser
0x072e83cdE5c102fDCF32BE328034E1bB2DADCB01,0,0,611.76,0,0,0,2,0,1,0,0,0,0,0,0,0,10,"5,986",0,910,TrustedSeedMember
0x074a9eD58d11e3f0f589072c99dE86F80971A844,0,0,0,0,0,0,0,0,1,0,0,0,0,0,0,0,328484,0,0,300,RecentOpUser
0x07963001638c2e8283ef7f3dabf4242eaf5d4f79,0,0,0,0,0,0,0,1,1,0,0,0,0,0,0,0,1,0,0,800,Delegate
0x08FB419098450E49eFF322081C4dB324cf87cBFE,0,0,0,0,0,0,0,0,0,0,0,0,0,0,0,0,0,0,0,0,RecentOpUser
0x0a1751fCF226669952c0BAF7361F90bc274dc03a,0,0,0,0,0,0,0,0,0,0,0,0,0,0,0,0,0,"1,191",1,300,TrustedSeedMember
0x0aAe1332e2a590bdc66f5b726FEB1D74e39DEa5a,0,0,0.69,0,0,0,0,0,1,0,0,0,0,0,0,0,60,0,0,310,RecentOpUser
0x0Bf920dfE6D36829aB5b0e153857D4CA689E46fB,0,0,0,0,0,0,0,0,0,0,1,0,0,0,0,0,0,"15,983",1,700,TrustedSeedMember
0x0C2952f474D50F8F9764d0537E0f531A316E7286,0,0,0,0,0,0,0,0,0,0,0,0,0,0,0,0,0,0,0,0,RecentOpUser
0x0d527383AA9c3c7B39c61356534F3Fdc56Ee1eb3,0,0,0,0,0,0,0,0,0,0,0,0,0,0,0,0,0,0,0,0,RecentOpUser
0x0E76602324bD961E3E928b4BD5DC578b9883dF11,0,0,2.96,0,0,0,1,0,1,0,0,0,0,0,0,0,10,"1,387",0,910,TrustedSeedMember
0x0eC8C155bA8f5AdC4F208e1884f8E09DdbC0BD80,0,0,0,0,0,0,1,0,1,0,0,0,0,0,0,0,72724,0,0,700,RecentOpUser
0x0eefc37dba3020531b1b679f0791a44392aa2365,0,0,0,0,0,0,0,0,0,0,0,0,0,0,0,0,0,"1,125",0,200,TrustedSeedMember
0x0F46540678c7e6D2eF983B382CC07Fa815AB148c,0,350.63,14.99,16,0,2,1,1,1,0,0,0,0,0,41.33,0,411,"2,250",1,2230,TrustedSeedMember
0x0f5BD2404EbB70410462C22CAcB062cD285BfC52,0,0,827.76,0,0,0,1,0,0,0,0,0,0,0,0,0,0,"2,826",0,620,TrustedSeedMember
0x1026eFFaE689c49F3655e74DC45C8869E3f6Fd35,0,0,0,0,0,0,0,0,0,0,0,0,0,0,0,0,0,"1,504",0,200,TrustedSeedMember
0x10a84b835C5df26f2A380B3E00bCC84A66cD2d34,0,0,0,1,0,0,0,0,1,0,1,1,0,0,5.22,0,30,"1,125",1,1900,TrustedSeedMember
0x1210Ba92EB82Cc256213C78F0eF9D5212c7034a9,0,0,0,0,0,0,0,0,1,0,0,0,0,0,13.21,0,1,"2,625",1,900,TrustedSeedMember
0x1234567be29e35585C02b48d8eC04B2b8F4f8048,0,0,0,0,0,0,0,0,0,0,0,0,0,0,0,0,0,0,0,0,RecentOpUser
0x12641aE0E159c560A6d6731feAC64CC494e1d140,0,0,10.2,6,0,0,1,1,1,0,0,0,0,0,0,0,291,0,0,1310,RecentOpUser
0x12854790C3509a4AD730Ebc4a61A691347c41695,0,0,0,0,0,0,0,0,0,0,0,0,0,0,0,0,0,0,0,0,RecentOpUser
0x12A63Bd7C98FC55C4402923991685303ca7B75A2,0,0,55.93,0,0,0,0,0,1,0,0,0,0,0,0,0,6,"1,461",0,510,TrustedSeedMember
0x1308D923E02c38492962D75C26e487ffCdCe821C,0,0,0,0,0,0,0,0,0,0,0,0,0,0,0,0,0,"2,532",0,200,TrustedSeedMember
0x1375847014BA64517210cBFE185808232Cf45d4a,0,0,555.93,0,0,0,1,0,1,0,0,0,0,1,18.02,2,1,"2,117",1,1550,TrustedSeedMember
0x13838884271ec954cb036d0b29d404afab5eae2a,0,0,0,0,0,0,1,1,1,0,0,0,0,0,0,0,1,0,0,1200,Delegate
0x1409a9ef3450D5d50aAd004f417436e772FbF8fC,0,0,0,0,0,0,0,0,0,0,0,0,0,0,0,0,1,"1,125",1,400,TrustedSeedMember
0x144c4e5027b69f7798b2b162d924bcae5c149f15,0,0,109.27,0,0,1,2,0,1,1,1,1,0,0,0,0,59,"1,287",1,2220,TrustedSeedMember
0x152474f670E46182cA00dc4D7294E9D453f18317,0,0,0,0,0,0,0,0,1,0,0,0,0,0,0,0,33,0,0,300,RecentOpUser
0x152ad2E12E102aBF64280C5e3d70257EFfb0EDe0,0,0,2.91,1,0,1,1,0,1,0,0,0,0,0,20.75,0,9,"1,991",1,1710,TrustedSeedMember
0x16B942C119D3e34ff8f801cf68EC6aA26F1dC494,0,0,555.93,0,0,0,1,0,0,0,0,0,0,0,0,0,0,"2,628",1,710,TrustedSeedMember
0x16D9fd80d8e3f055ba7793794E811712dcbdD9c2,0,0,0,0,0,0,0,0,0,0,0,0,0,0,0,0,0,"1,300",1,300,TrustedSeedMember
0x16e8D400eD871fb5E74A2dB3c680838C9D383a26,0,0,0,0,0,0,0,0,0,0,0,0,0,0,0,0,0,"2,047",0,200,TrustedSeedMember
0x177a68f3C836a2a37a3c594CD16004d7B9589476,0,0,0,0,0,0,0,0,0,0,0,0,0,0,0,0,0,"1,480",0,200,TrustedSeedMember
0x17841f81e2F043E0a5433Ba5A8f6376C8D91C536,0,0,0,0,0,0,0,0,0,0,0,0,0,0,0,0,0,0,0,0,RecentOpUser
0x17a7E7F6A493d137E84B4420575527f6Ef725F8C,0,0,0,0,0,1,1,0,1,0,0,0,0,0,0,0,34,"2,849",1,1300,TrustedSeedMember
0x17e33637f6B64E9082Ea499481b6e6EbAE7EEA23,0,0,10861.58,0,0,1,2,1,1,0,0,0,0,0,0,0,40,"2,769",0,1710,TrustedSeedMember
0x18190831552EC91237D68ff94fe9124ccBac4163,0,0,0,0,0,0,0,0,0,0,0,0,0,0,0,0,0,"1,125",0,200,TrustedSeedMember
0x181e1ff49CAe7f7c419688FcB9e69aF2f93311da,0,0,0,0,0,1,0,0,1,0,0,0,0,0,0,0,1,"7,378",0,800,TrustedSeedMember
0x196213afd9905777e7D0582E8eDD4cf6870AA1D4,0,0,0,0,0,0,0,0,0,0,0,0,0,0,0,0,0,"2,485",0,200,TrustedSeedMember
0x1b686ee8e31c5959d9f5bbd8122a58682788eead,0,0,0,0,0,1,0,1,1,0,0,0,0,0,0,0,15,0,0,1100,Delegate
0x1bAeC9d58603F6eAeDdBD66AcC56Db76215FC8D6,0,0,2515.69,52,0,1,2,0,1,0,0,0,0,0,0,0,7,"1,250",0,1310,TrustedSeedMember
0x1D8a08c8C3Ce0A852Cb4Da902754991759F7F625,0,0,714.1,0,0,1,1,0,1,0,0,0,0,0,0,0,2,"1,322",0,1210,TrustedSeedMember
0x1d921dff757610FbDB0073479e12c0a07d382677,0,0,6.23,0,0,0,1,0,1,0,0,0,0,1,43.98,0,64,"19,230",1,1510,TrustedSeedMember
0x1DBA1131000664b884A1Ba238464159892252D3a,0,0,3107.51,0,0,0,2,0,1,0,0,0,0,0,0,0,5,"31,908",1,1010,TrustedSeedMember
0x1dC96F305645b5Ac12dDa5151eB6704677C7dB12,0,0,555.93,0,0,0,1,0,0,0,0,0,0,0,0,0,0,"2,635",0,620,TrustedSeedMember
0x1dd174bf2e090d0f1b1360ac8905780429b2642b,0,0,42067,0,0,0,2,1,1,0,0,0,0,0,0,0,1,0,0,1210,Delegate
0x1dF428833f2C9FB1eF098754e5D710432450d706,0,14379.16,9.58,17,0,1,1,0,1,0,1,0,0,0,52.89,1,42,"5,603",1,2140,TrustedSeedMember
0x1E8eE48D0621289297693fC98914DA2EfDcE1477,0,0,475.44,15,0,2,2,0,1,1,1,0,0,0,5.91,2,526,"2,270",1,2160,TrustedSeedMember
0x1E975f53956d644868F3eA25690b1bbEda658565,0,0,827.76,0,0,0,1,0,0,0,0,0,0,0,0,0,0,"4,006",1,710,TrustedSeedMember
0x1e9a926493fdc4A4B2Aef98fb9FF8D90C27527D1,0,0,0,0,0,0,0,0,0,0,0,0,0,0,0,0,0,"2,375",1,300,TrustedSeedMember
0x1ecc36686f9dd00f892a7b9562db4f0da92409a7,0,0,0,0,0,0,0,0,0,0,0,0,0,0,0,0,0,"1,173",1,300,TrustedSeedMember
0x202960E999A751Fb6d7b8ED18a81a5E5BfFD1182,0,0,1.35,0,0,0,0,0,1,0,0,0,0,0,0,0,6,0,0,310,RecentOpUser
0x204323A83506CA93eF23731894B450071541E9DF,0,0,0,0,0,0,0,0,0,0,0,0,0,0,0,0,0,"1,125",1,300,TrustedSeedMember
0x214a33Ad7cF5010Fc8CEE8D501B0CA20C12FdF9e,0,0,281.76,28,0,0,2,1,1,0,0,0,0,0,16.06,0,376,0,1,2210,RecentOpUser
0x21c9aba2392dD5e15CE74BF9C8685aC4907B5Fab,0,0,3806.83,0,0,1,2,0,1,0,0,0,0,0,0,0,7,"2,642",1,1320,TrustedSeedMember
0x21f90Bd3A9E1FD8Ffd5a6cF7A8C29254d0Eb79aF,0,0,0,0,0,0,0,0,0,0,0,0,0,0,0,0,0,0,0,0,RecentOpUser
0x22270a0b82CBF0bd80C6E0FaD85342600518e114,0,0,1450.06,0,0,0,2,0,1,0,0,0,0,0,0,1,2,"1,288",0,940,TrustedSeedMember
0x22483Eeb5322608E4E99484F6CA661a6EF09D461,0,0,0,5,0,1,0,0,1,0,0,0,0,0,0,0,2,"1,183",1,1010,TrustedSeedMember
0x224aBa5D489675a7bD3CE07786FAda466b46FA0F,0,0,1440.75,3,0,1,2,0,1,0,1,0,0,0,0,2,38,"5,003",1,1860,TrustedSeedMember
0x22851c0AB295397AC5d41aF8899dEbf69C641680,0,0,776.87,0,0,2,1,0,1,0,0,0,0,0,0,0,8,"1,521",0,1210,TrustedSeedMember
0x2345678A1f4687FD76cdDb2D389Ab6B4Ac69072C,0,0,0,0,0,0,0,0,0,0,0,0,0,0,0,0,0,0,0,0,RecentOpUser
0x2539ffc9DeD82926A5AAEe065E800C7d1DE02454,0,0,0,0,0,0,0,0,1,0,0,0,0,0,0,0,509956,0,0,300,RecentOpUser
0x277Fa632719008A76b9Cc40b4F37421460F928aB,0,0,0.15,0,0,0,0,0,1,0,0,0,0,0,0,0,9,0,0,310,RecentOpUser
0x27c72e4BD23C910218d8f06C4a1742E06657c874,0,0,2137.33,0,0,0,2,0,1,0,0,0,0,0,0,0,2,"7,422",0,910,TrustedSeedMember
0x28499c2115299BeFf0c07Fe7574CE7222d891c76,0,0,0,0,0,0,0,0,0,0,0,0,0,0,0,0,0,"3,995",0,200,TrustedSeedMember
0x2915f137DAb849f0b27Aaab4D0DbD67AAEE3c5f0,0,0,0,0,0,0,0,0,0,0,0,0,0,0,0,0,0,"2,250",1,300,TrustedSeedMember
0x2920620b47D51170319A531A2D6D5810610E8C2A,0,0,555.93,0,0,0,1,0,0,0,0,0,0,0,0,0,0,"25,973",1,710,TrustedSeedMember
0x2982e755b58DBbB1dF8240748F8976Eb0cd8a3B5,0,0,0,0,0,0,0,0,0,0,0,0,0,0,0,0,0,"2,879",0,210,TrustedSeedMember
0x29A31e68a5c3b052Ac04A663f1e60a2cf184FF53,0,0,78.57,0,0,1,2,1,1,0,0,0,0,1,0,0,40,"2,933",0,1910,TrustedSeedMember
0x2a11e2035a1116e345D2d8c69202F7ABefACE5FF,0,0,0,0,0,0,0,0,0,0,0,0,0,0,0,0,1,0,0,100,RecentOpUser
0x2a185c8a3c63d7bfe63ad5d950244ffe9d0a4b60,0,0,380095.3,0,0,0,1,1,1,0,0,0,0,0,0,0,1,0,0,1210,Delegate
0x2A52309eDF998799C4A8b89324CCAd91848c8676,0,0,1462.1,0,0,2,0,0,1,0,0,0,0,1,0,0,1,"1,125",0,1010,TrustedSeedMember
0x2b7839e74e8a9145e594810508006b3e856088f8,0,0,2,0,0,0,0,1,1,0,0,0,0,0,0,0,1,0,0,810,Delegate
0x2b888954421b424c5d3d9ce9bb67c9bd47537d12,0,15598.93,887.86,0,0,0,2,1,1,0,0,0,0,1,0,1,23,Pending to mint,1,1750,Delegate
0x2bdF9249c350C68a43a9714c1b9153af54751b1C,0,0,0,0,0,0,1,0,1,0,0,0,0,0,0,0,368315,0,0,700,RecentOpUser
0x2Ce202Ad36aDb3B7515D2E6ec1395F55298DC230,0,0,0,0,0,0,0,0,0,0,0,0,0,0,0,0,0,"5,000",1,300,TrustedSeedMember
0x2D2cC0eB095e43204E0C087E07Dbf95909650939,0,0,263.34,0,0,0,1,0,0,0,0,0,0,0,0,0,609622,0,0,510,RecentOpUser
0x2dd2036C9Db2ADA2739509AF0047c00C8b9291EF,0,0,0,96,0,3,0,0,1,0,0,0,0,1,25.9,0,21,"1,251",1,1510,TrustedSeedMember
0x2f30c18491435cb8bf24047d3398167ac327f750,0,0,0,0,0,0,0,1,1,0,0,0,0,0,0,0,17,0,0,800,Delegate
0x2fe25372a45D024adE1aDEb9dcE29e4DA1368B35,0,0,0,0,0,0,0,0,0,0,0,0,0,0,0,0,0,"5,576",1,300,TrustedSeedMember
0x2fEe53687906bA239602eD42CCEee2aC8A4ADa36,0,0,0,6,0,0,0,0,0,0,0,0,0,1,15.48,0,0,"14,671",1,910,TrustedSeedMember
0x301605C95acbED7A1fD9C2c0DeEe964e2AFBd0C3,0,0,396.62,4,0,0,2,0,1,0,0,0,0,1,0,5,36,"11,072",1,1420,TrustedSeedMember
0x317bbc1927Be411CD05615d2Ffdf8d320C6C4052,0,0,7.63,0,0,1,1,0,1,0,0,0,0,0,10.92,0,10,"1,125",1,1610,TrustedSeedMember
0x33878e070db7f70D2953Fe0278Cd32aDf8104572,0,2072.94,1467.47,54,0,7,2,0,1,0,0,0,0,0,35.1,0,56,"2,319",1,2240,TrustedSeedMember
0x33dCb3ec1918b6913C00954d8F40bFc04a5CFd20,0,0,0,0,0,0,0,0,0,0,0,0,0,0,0,0,0,"1,375",0,200,TrustedSeedMember
0x3471884f189fd7c63fe8c83601d28ce0cc1b3853,0,0,494872.55,0,0,8,2,1,1,0,0,0,0,0,0,0,149,0,0,1510,Delegate
0x34aA3F359A9D614239015126635CE7732c18fDF3,0,0,3528.83,0,0,10,2,0,1,1,1,1,0,1,0,0,684,"2,250",0,2320,TrustedSeedMember
0x34b9422884969b3eeba798723429697053271c8a,0,0,0,0,0,0,0,1,1,0,1,1,0,0,0,0,4,0,0,1700,Delegate
0x352fb838a3ae9b0ef2f0ebf24191acaf4ab9ecec,0,0,15774.72,0,0,0,1,1,1,0,0,0,0,0,0,0,1,0,0,1210,Delegate
0x3576aafaffe4c07f894447265b391856377157db,0,0,0,0,0,0,0,1,1,0,0,0,0,0,0,0,1,0,0,800,Delegate
0x35a6132E12721C6f9475cDD63eaF97f5433aC861,0,0,0,0,0,0,0,0,0,0,0,0,0,0,0,0,0,"1,125",0,200,TrustedSeedMember
0x35eEa403F9577CDD7D169833122e25b008326806,0,0,0,0,0,0,0,0,0,0,0,0,0,0,0,0,0,"2,700",0,200,TrustedSeedMember
0x37341cbb14c5F128A70B149726ad8B2CE6F4C793,0,0,9087.31,0,0,1,2,0,1,0,0,0,0,0,0,1,27,"1,167",0,1230,TrustedSeedMember
0x378097a15428ff5531F2Bd8DC96e8F94EE3754fA,0,0,0,0,0,1,1,1,1,1,1,0,0,0,0,0,195,0,0,1900,RecentOpUser
0x37Ec0203C1Cc3CB574c4144d490F770b86e3b557,0,0,0,0,0,0,0,0,0,0,0,0,0,0,0,0,0,"10,612",0,200,TrustedSeedMember
0x38Dfd788DB4CFaB7b9Da57b06CfC06C6E0f33C3b,0,0,0,0,0,0,0,0,0,0,0,0,0,0,0,0,0,"20,916",0,200,TrustedSeedMember
0x38e77e487518851f47e8470433d69f3119304d7c,0,0,0,0,0,0,0,1,1,0,1,1,0,0,0,0,1,0,0,1700,Delegate
0x38f80f8f76B1C44B2beeFB63bb561F570fb6ddB6,0,0,0,15,0,0,0,0,1,0,1,1,0,0,14.48,1,3,"8,707",1,1920,TrustedSeedMember
0x392057e2845DD19Ef14d74EC689B68D3eF61b5c9,0,0,0,0,0,0,0,0,0,0,0,0,0,0,0,0,0,"1,130",0,200,TrustedSeedMember
0x39c00e3584A2176F55bB31BDc3450889927F5016,0,15132.17,0,0,0,0,0,0,0,0,0,0,0,0,36.2,0,0,"4,389",1,620,TrustedSeedMember
0x39f7E47A5B15a2D28E3e6314aA6BEe450A2546Dc,0,0,7.34,0,0,0,1,0,1,0,0,0,0,0,0,0,52,"1,125",0,910,TrustedSeedMember
0x39Fd396a35EA9FB1Cf35Ba15062Da8AD19d9ec77,0,0,0,0,0,0,0,0,1,0,0,0,0,0,0,0,44,0,0,300,RecentOpUser
0x3b0459C53FD6fC216FEa8817512990c886310386,0,0,1190.27,0,0,0,1,0,0,0,0,0,0,0,0,0,0,"1,388",0,610,TrustedSeedMember
0x3B9d2F1d0D9934F31Ea294ae916C155B93F417C6,0,0,0,0,0,0,0,0,1,0,0,0,0,0,0,0,1,0,0,300,RecentOpUser
0x3c1d7D7D47eE3201eAF0910B67222A5c8A1443ff,0,0,0,0,0,0,0,0,1,0,0,0,0,0,0,0,10,0,0,300,RecentOpUser
0x3c9d750FAB479C2218a17e516CCe9A55b227Cb2A,0,0,0,0,0,0,0,0,0,0,0,0,0,0,0,0,0,0,0,0,RecentOpUser
0x3d2d722b443a5cae8e41877bb7cd649f3650937c,0,0,0,0,0,0,0,1,1,0,0,0,0,0,0,0,1,0,0,800,Delegate
0x3E31155a1c17c9F85e74828447aec412090a4622,0,0,7564.65,11,0,0,2,1,1,1,1,1,0,0,0,0,26,"1,125",1,2520,TrustedSeedMember
0x3E7F054563682c42bd4907b88D0DC27557992576,0,0,0,1,0,0,0,0,0,0,0,0,0,0,0,0,0,"2,270",1,400,TrustedSeedMember
0x3EB717F284Ea6ef65B9d770694bBC6C7E1b1DD84,0,0,0,0,0,0,0,0,0,0,0,0,0,0,0,0,0,"3,157",0,200,TrustedSeedMember
0x3eEd07fC683037565E54408a6800c9C3a6f70c45,0,0,0,0,0,0,0,0,0,0,0,0,0,0,0,0,0,"1,203",0,200,TrustedSeedMember
0x3F20a6fE04b3A4b37bBBBea826ae23be56Baed74,0,0,0,2,0,0,0,0,1,0,0,0,0,0,0,0,2,"1,125",1,700,TrustedSeedMember
0x3fa821e3cfb7af05afd94fe13cde71f28d0f310c,0,0,0,0,0,0,0,0,0,0,0,0,0,0,0,0,0,"1,125",1,300,TrustedSeedMember
0x3fF3C97cA7dCa572111A89Dd165ffB20A1bFb60b,0,0,0,0,0,0,0,0,0,0,0,0,0,0,0,0,0,0,0,0,RecentOpUser
0x402EBC68fe9A8ecb19115B9d46ddC0f87A0A8621,0,0,0,0,0,2,0,0,1,0,0,0,0,0,0,0,111,0,0,600,RecentOpUser
0x40498A25cc21c3412caD6566a19B31019143a02E,0,0,0,0,0,0,0,0,0,0,0,0,0,0,0,0,0,"2,250",1,300,TrustedSeedMember
0x406b607644c5d7bfda95963201e45a4c6ab1c159,0,0,5,0,0,0,1,1,1,0,0,0,0,0,0,0,1,0,0,1210,Delegate
0x40Dc654af5cE40C122ffDC679fa8E8ca8b91556A,0,0,0,0,0,0,0,0,0,0,0,0,0,0,0,0,0,"2,583",0,210,TrustedSeedMember
0x4156EDbAFC5091507dE2dD2a53dEd551a346f83b,0,0,0,0,0,0,0,0,1,0,0,0,0,0,0,0,36358,0,0,300,RecentOpUser
0x4194cE73AC3FBBeCE8fFa878c2B5A8C90333E724,0,0,827.76,2,0,0,1,0,1,0,0,0,0,0,0,0,4,"2,194",0,1020,TrustedSeedMember
0x41e235560175A75c49c2e11e0e7A452a81c35808,0,0,1190.27,0,0,0,1,0,0,0,0,0,0,0,0,0,0,"1,423",0,610,TrustedSeedMember
0x424683888Bc33389c1bc830fBBFF5bc9bC07A36B,0,0,0,0,0,0,0,0,1,0,0,0,0,0,0,0,4,0,0,300,RecentOpUser
0x429f9ada43e9f345cbb85ec88681bb70df808892,0,0,745.55,0,0,3,4,1,1,0,0,0,0,0,0,0,139,0,0,1510,Delegate
0x4318cC449b1cbE6d64dd82E16abE58C79E076C2B,0,0,54.68,26,0,1,1,1,1,1,1,0,0,0,44.53,0,202,"4,386",1,2610,TrustedSeedMember
0x4399fa85585F90DA110d5BA150fF96C763bc0Aba,0,0,0,0,0,0,0,0,1,0,0,0,0,0,0,0,470043,0,0,300,RecentOpUser
0x4428B7079b868e61053DfEfF75c1a3CcDEb42Cbc,0,0,0,0,0,0,0,0,0,0,0,0,0,0,0,0,0,"3,625",0,200,TrustedSeedMember
0x44a8c92b0FB8ED1903e7C719a3bA4950B6f6327a,0,0,0,0,0,0,0,0,0,0,0,0,0,0,0,0,0,0,0,0,RecentOpUser
0x44DdF3e35Cd2D629d78674FF6BF5b953e2B069fe,0,0,1190.27,0,0,0,1,0,0,0,0,0,0,0,0,0,0,"6,754",0,610,TrustedSeedMember
0x45602BFBA960277bF917C1b2007D1f03d7bd29e4,0,0,2018.03,0,0,1,1,0,0,0,1,1,0,0,0,0,0,"67,834",1,1910,TrustedSeedMember
0x45a10f35befa4ab841c77860204b133118b7ccae,0,0,616.72,0,0,5,2,1,1,1,1,1,0,0,0,0,97,0,0,2410,Delegate
0x45BB0AfF58536C3bC50E33cF1056573533EcE369,0,0,156.13,45,0,0,0,1,1,0,0,0,0,0,0,0,128,0,0,910,RecentOpUser
0x45e036dA221032D814A8bF0EF46943f83E95b409,0,0,1448.73,0,0,0,2,0,1,0,0,0,0,0,0,0,7,"3,559",1,1010,TrustedSeedMember
0x46abfe1c972fca43766d6ad70e1c1df72f4bb4d1,0,0,0,0,0,0,0,1,1,0,0,0,0,0,0,0,1,0,0,800,Delegate
0x47B2c37fFee6e8d71EF9dFbe84eE596571885492,0,0,0,0,0,0,0,0,0,0,0,0,0,0,0,0,0,"1,184",0,200,TrustedSeedMember
0x489863b61c625a15c74fb4c21486bacb4a3937ab,0,0,99381.49,0,0,0,3,1,1,0,0,0,0,0,0,0,1,0,0,1210,Delegate
0x489aDd7680605f6Fc4806595CD75E65D7F1675Eb,0,0,0,0,0,0,0,0,0,0,0,0,0,0,0,0,0,"3,310",0,210,TrustedSeedMember
0x48a63097e1ac123b1f5a8bbffafa4afa8192fab0,0,0,35984.41,0,0,0,4,1,1,0,0,0,0,0,0,0,14,"1,125",0,1420,Delegate
0x491E59c255C790D4e3a53CEC2632524088f1aaA4,0,0,0,0,0,0,1,0,1,0,0,0,0,0,0,0,370454,0,0,700,RecentOpUser
0x4ae70EfbC57Df5F16FC5fA2CcF016887E6312AfB,0,0,0,0,0,0,0,0,0,0,0,0,0,0,0,0,0,"2,250",1,300,TrustedSeedMember
0x4E8BB4aD5B5b44D5C78e91bD73612ad0FC99ea9a,0,0,0,0,0,0,0,0,0,0,0,0,0,0,0,0,1,0,0,100,RecentOpUser
0x4F2fC9E8464161F0B7ee6C7357F4b789DBD2169E,0,0,10.21,6,0,0,1,1,1,0,0,0,0,0,0,0,290,0,0,1310,RecentOpUser
0x4f41877773e44f2275da1942fee898556821bf66,0,0,0,0,0,0,1,1,1,0,0,0,0,0,0,0,53,0,0,1200,Delegate
0x512fce9b07ce64590849115ee6b32fd40ec0f5f3,0,0,0,0,0,10,4,1,1,1,1,1,0,0,0,0,1412,0,0,2400,Delegate
0x5299C7D2b73B6A96231081DabFD54DfCc84feDEB,0,0,1026.44,6,0,0,2,0,1,0,0,0,0,0,26.46,2,10,"2,284",1,1460,TrustedSeedMember
0x52fA3cD7C8926CF515a454658A27d710CF447b2f,0,0,4.95,0,0,0,1,0,1,0,0,0,0,0,0,0,14,"1,578",1,1010,TrustedSeedMember
0x5303D37018b0e7e6F4fe8C706b7001735e5d430A,0,0,0,0,0,0,0,0,0,0,0,0,0,0,0,0,0,"4,134",0,200,TrustedSeedMember
0x534a223FB3aA8F774f32907086AD6A0aA554295E,0,0,0,0,0,0,0,0,0,0,0,0,0,0,0,0,0,"2,000",0,200,TrustedSeedMember
0x534D4e82EA7eCA7F62c3fdf6D39A541be95Bf951,0,0,681.26,0,0,1,1,0,1,0,0,0,0,0,0,0,9,"1,331",0,1210,TrustedSeedMember
0x536c7E8F18D09d04697E0d2624b44bBA575388c2,0,0,2.48,0,0,0,0,0,1,0,0,0,0,0,0,0,26,"15,411",1,610,TrustedSeedMember
0x554c5aF96E9e3c05AEC01ce18221d0DD25975aB4,0,0,10.22,0,0,1,1,0,1,0,1,1,0,0,0,0,37,"1,125",0,2120,TrustedSeedMember
0x5602b566BEcde9DC58867eA51beCC0D9805e15Eb,0,0,0.1,0,0,0,0,1,1,0,0,0,0,0,0,0,31,0,0,810,RecentOpUser
0x56477ece3C6C96A2d2F11B7Eed0D757b10AFB6a6,0,0,0,0,0,0,0,0,0,0,0,0,0,0,0,0,0,"11,125",0,200,TrustedSeedMember
0x56E5c18D8249d2A4eD74b1c7718D9327dDE1cC68,0,0,0,0,0,6,0,0,1,0,0,0,0,0,0,0,148,0,0,600,RecentOpUser
0x56E9cbe44e612AaD90737fcD911c4756423c533a,0,0,1462.1,0,0,0,1,0,0,0,0,0,0,0,0,0,0,"2,423",0,620,TrustedSeedMember
0x57014Ee84cecB5d58e1D94F73680936c9cc4a785,0,0,0,0,0,0,0,0,0,0,0,0,0,0,0,0,0,0,0,0,RecentOpUser
0x57F540a736a647EF2d2Ef9Cd823C4a4e655858a4,0,0,0,0,0,0,0,0,0,0,0,0,0,0,0,1,0,"7,109",1,330,TrustedSeedMember
0x57F908C42F5a0e5DBBd3c35a137cC242cF89Add6,0,0,0,0,0,0,0,0,0,0,0,0,0,0,0,0,0,"1,125",0,200,TrustedSeedMember
0x5832834966933beC942Bb06a3B55dd1176cbDDD2,0,0,0,0,0,0,0,0,0,0,0,0,0,0,0,0,0,"1,565",1,300,TrustedSeedMember
0x594Dd4d1Cf8A3BdeA0187Fd1f91A1Fe031D420Cf,0,0,0,0,0,0,0,0,0,0,0,0,0,0,0,0,1,0,0,100,RecentOpUser
0x597F0fDBb96485CD258777248052fF0e4781FE4C,0,0,0,0,0,0,0,0,1,0,0,0,0,0,0,0,2,"1,125",0,500,TrustedSeedMember
0x5993f025fdAEa9D27209F181228a1b91aD447F38,0,0,0,0,0,0,0,0,1,0,0,0,0,0,0,0,10,0,0,300,RecentOpUser
0x59AE7f21D18b2F5fDC7a99c4fd6dD9E67Cec0Bc9,0,0,1506.91,14,0,0,2,0,1,0,0,0,0,0,0,0,24,"8,155",1,1120,TrustedSeedMember
0x59DDA36bD196Ec849838CE2163E6821f946b37Dc,0,0,239.11,126,0,0,0,0,1,0,1,1,0,1,29.52,1,35,"1,125",1,2140,TrustedSeedMember
0x5A227E2919A49f9d4698e9fd2B318EfCd0f16Bda,0,0,0,9,0,0,0,0,1,0,0,0,0,0,15.2,0,2,"6,185",1,1000,TrustedSeedMember
0x5AC583Feb2b1f288C0A51d6Cdca2e8c814BFE93B,0,0,0,6,0,0,0,0,1,0,0,0,0,0,4.53,0,4,"1,125",1,1000,TrustedSeedMember
0x5acbeb30Fde4049A8FC928F562D9cE5FDAD59D32,0,0,1452.72,0,0,0,2,0,1,0,0,0,0,0,0,0,5,"5,421",1,1020,TrustedSeedMember
0x5Ad3b55625553CEf54D7561cD256658537d54AAd,0,0,555.93,0,0,0,1,0,0,0,0,0,0,0,0,0,0,"1,125",0,610,TrustedSeedMember
0x5b0F8D8f47E3fDF7eE1c337AbCA19dBba98524e6,0,0,0,0,0,0,0,0,0,0,1,0,0,0,0,0,0,"12,184",1,700,TrustedSeedMember
0x5B4dF17CA5A3339D722028a585582693742E5B5a,0,0,5722.22,0,0,1,2,1,1,1,1,0,0,0,0,0,137,"1,148",0,2110,TrustedSeedMember
0x5b7575494b1e28974efe6EA71EC569b34958F72e,0,0,1446.07,0,0,0,2,0,1,0,0,0,0,0,0,0,2,"115,438",0,920,TrustedSeedMember
0x5B93FF82faaF241c15997ea3975419DDDd8362c5,0,0,446.66,0,0,0,2,0,1,0,0,0,0,0,0,0,119,"1,690",0,910,TrustedSeedMember
0x5bdf85216ec1e38D6458C870992A69e38e03F7Ef,0,0,1390824.26,0,0,0,1,0,1,0,0,0,0,0,0,0,96028,0,0,720,RecentOpUser
0x5c409D5a26b4d04b6838C466fDF152E2CF079a19,0,0,0,0,0,0,1,0,1,0,0,0,0,0,0,0,210,0,0,700,RecentOpUser
0x5c44E8982fa3C3239C6E3C5be2cc6663c7C9387E,0,0,0,0,0,0,1,0,1,0,0,0,0,0,0,0,8,Pending to mint,0,900,TrustedSeedMember
0x5c95FED053997f30b7Aa69979C208a5D15479f5D,0,0,0,0,0,0,0,0,0,0,0,0,0,0,0,0,0,"1,125",0,200,TrustedSeedMember
0x5D28FE1e9F895464aab52287d85Ebff32B351674,0,0,120.36,33,0,0,2,0,1,0,1,1,0,0,0,0,28,"8,294",1,2020,TrustedSeedMember
0x5DDf785Ea1911B6A7D0Cb2a5D97f5364efCb05d8,0,0,84.28,0,0,0,0,0,1,0,0,0,0,0,0,0,97,0,0,310,RecentOpUser
0x5e349eca2dc61abcd9dd99ce94d04136151a09ee,0,0,2128.71,0,0,1,3,1,1,0,0,0,0,0,0,0,26,0,0,1520,Delegate
0x5E968e92a1fED01A32bbDD9D20e49Cb8299eAC5b,0,488.86,0,0,0,0,0,0,0,0,0,0,0,0,0,0,0,"1,744",0,210,TrustedSeedMember
0x5fe5256a5dd4e30ad3106F97ac101b1d3b4c1317,0,0,0,0,0,0,0,0,1,0,0,0,0,0,0,0,13379,0,0,300,RecentOpUser
0x60c92305cE125B440Ef97439F26396f2F3bEff48,0,0,110.98,21,0,2,1,0,1,0,0,0,0,0,0,0,685,0,0,1110,RecentOpUser
0x615b044B6Ccb048532bcF99AAdf619d7fdD2Aa01,0,0,0,0,0,0,1,0,1,0,0,0,0,0,0,0,2,"1,166",1,1000,TrustedSeedMember
0x61b6a85e524D4B633F81738063833Dc065d4F40B,0,0,0,0,0,0,0,0,1,0,0,0,0,0,0,0,20,0,0,300,RecentOpUser
0x625236038836CecC532664915BD0399647E7826b,0,0,827.76,0,0,0,1,0,0,0,0,0,0,0,0,0,0,"24,344",0,620,TrustedSeedMember
0x62a43123fe71f9764f26554b3f5017627996816a,0,0,0,0,0,0,1,1,1,0,0,0,0,0,0,0,13,0,0,1200,Delegate
0x62e4851e88bEC4f5c5EE3Dd347F2C601A18AF1aF,0,0,1367.62,0,0,0,2,0,1,0,0,0,0,0,38.53,0,3,"9,284",1,1310,TrustedSeedMember
0x63960487872023231e4C3fbdE536c34E2C93De55,0,0,812.59,0,0,1,2,1,1,0,0,0,0,1,0,0,61,"1,545",0,1910,TrustedSeedMember
0x63A32F1595a68E811496D820680B74A5ccA303c5,0,0,1450.06,21,0,1,2,0,1,0,0,0,0,0,0,0,7,"2,325",1,1420,TrustedSeedMember
0x6418fc9Ad45ebba33dEFfB42548A682d3dC1d3Cd,0,0,0,0,0,0,0,0,0,0,0,0,0,0,0,0,0,"1,125",0,200,TrustedSeedMember
0x6432c098bfedA15Dd4d0692C46bDB43091a95171,0,0,0,0,0,0,0,0,1,0,0,0,0,0,0,0,7,"1,686",0,500,TrustedSeedMember
0x6466386897a82cB8c96C8680631dA7489f154004,0,0,0,0,0,0,0,0,0,0,0,0,0,0,0,0,0,"1,213",0,210,TrustedSeedMember
0x64b7a7aE5b9Fafd8cB20F57c77b1A050aF49DB10,0,0,0,0,0,0,0,0,1,0,0,0,0,0,0,0,3,0,0,300,RecentOpUser
0x6543c99d0e073c140Fd08A741c6cfdcd1449da94,0,0,2167.44,0,0,0,2,0,1,0,0,0,0,0,0,0,10,"5,990",1,1020,TrustedSeedMember
0x6576dcd9F751C99adb07411B22dDda0be7FfE420,0,0,271.83,0,0,0,1,0,0,0,0,0,0,0,0,0,0,"1,125",0,610,TrustedSeedMember
0x661B7Acca8ebd93AFd349a088e9a9A00053DB1BF,0,0,14.29,0,0,0,0,0,1,0,0,0,0,0,0,0,464927,0,0,310,RecentOpUser
0x662ec70531509dF61C8C8e44650c203f0Ab79466,0,0.4,555.93,0,0,0,1,0,0,0,0,0,0,0,0,2,0,"3,199",1,770,TrustedSeedMember
0x6636A1CCBdf54485067304C1a590DE016DeaD9F0,0,0,0,0,0,0,0,0,1,0,0,0,0,0,0,0,5,"2,469",0,500,TrustedSeedMember
0x66D9dfddC3AD45d6383D5B9e9354F60Bc9D16A8e,0,0,0,0,0,0,0,0,0,0,0,0,0,0,0,1,0,"4,514",1,320,TrustedSeedMember
0x66dF5A7715C5D4AfbBFA52435c66aa20733be0d1,0,0,0,6,0,0,2,0,1,0,0,0,0,0,0,0,29,"23,786",1,1100,TrustedSeedMember
0x67243d6c3c3bDc2F59D2f74ba1949a02973a529d,0,0,0,0,0,1,1,0,1,0,1,0,0,1,46.97,0,138,"1,387",1,2200,TrustedSeedMember
0x67434E4F16fb70E59c91b8642522fAC5b0C292C1,0,0,0,17,0,0,0,0,1,0,1,1,0,1,21.91,0,14,"1,125",1,2100,TrustedSeedMember
0x67799576403b6FdFe47751167318ea1A78fC2038,0,0,0,0,0,0,0,0,1,0,0,0,0,0,0,0,29154,0,0,300,RecentOpUser
0x685Ee51518320A6625fA2BB523b2eAb385df68b3,0,0,0,0,0,0,0,0,1,0,0,0,0,0,0,0,85625,0,0,300,RecentOpUser
0x6897abe0fd62b589260784b21f4ca3f78a0d8017,0,0,500,8,0,0,2,0,1,1,1,1,0,1,0,0,66,"1,846",1,2210,TrustedSeedMember
0x68d98BEA88E5152C915611bA11E0657d19AA9dED,0,0,21.88,0,0,1,0,0,1,0,0,0,0,0,0,0,101,0,0,610,RecentOpUser
0x69E3c9f8A735DDCccFBAd2Dabde9963d55202988,0,0,0,0,0,0,0,0,0,0,0,0,0,0,0,0,0,"2,072",0,200,TrustedSeedMember
0x6aef9642aa23002D0ca110a305b0497412dA2853,0,0,0,0,0,0,0,0,1,0,0,0,0,0,0,0,19,0,0,300,RecentOpUser
0x6B64c148AE3321fC403Ee90FE576f11679104799,0,0,827.76,0,0,0,1,0,0,0,0,0,0,0,0,0,0,"1,125",0,620,TrustedSeedMember
0x6C965b656C450259a6D4d95A2E68Fb4319EecBc0,0,0,1.27,33,0,0,1,0,1,0,0,0,0,0,0,0,860,"1,469",1,1110,TrustedSeedMember
0x6cea573473348367a5f66e0f261bfa25799e6a60,0,0,407.89,0,0,1,2,1,1,0,0,0,0,0,0,0,121,0,0,1510,Delegate
0x6d3b98452C8F2Dffa0487cE6C66CA3cc3aB01308,0,0,0,0,0,0,0,0,0,0,0,0,0,0,0,0,0,"4,643",0,200,TrustedSeedMember
0x6Dc43be93a8b5Fd37dC16f24872BaBc6dA5E5e3E,0,0,39896.45,0,0,2,2,0,1,0,0,0,0,0,0,2,86,"1,125",0,1250,TrustedSeedMember
0x6E00136Eac2f2B439f037B976639f90Cc1824DB5,0,0,0,0,0,0,0,0,0,0,0,0,0,0,0,0,0,"1,125",0,200,TrustedSeedMember
0x6F4A8930Ef9C175eC0F3F63A97686d5c505e0E32,0,0,0,0,0,0,0,0,0,0,0,0,0,0,0,0,0,"3,925",0,200,TrustedSeedMember
0x6faf538631F4521457eD761b6020beFd764867dD,0,0,0,0,0,0,0,0,1,0,0,0,0,0,0,0,7,0,0,300,RecentOpUser
0x6fD155b9D52F80E8A73a8A2537268602978486e2,0,0,74.42,0,0,1,1,0,1,0,0,0,0,0,0,0,8,"1,552",0,1210,TrustedSeedMember
0x6fd2bd90d50edee139103454116f252f6f5ec928,0,0,0,0,0,0,0,1,1,0,0,0,0,0,0,0,2,0,0,800,Delegate
0x701d0ECB3BA780De7b2b36789aEC4493A426010a,0,0,5627.82,0,0,0,2,0,1,0,1,1,0,0,0,0,22,"9,776",1,1910,TrustedSeedMember
0x7028956e9dBF459775Cc2E071BE4331B711E56Fa,0,0,0,0,0,0,0,0,1,0,0,0,0,0,0,0,1,"1,125",1,600,TrustedSeedMember
0x7136fbDdD4DFfa2369A9283B6E90A040318011Ca,0,0,6061.18,4,0,0,2,0,1,0,1,0,0,0,33.01,0,9,"2,250",1,1810,TrustedSeedMember
0x7216Fd13bD6904A08dCa3f393Bc3908Bb7Ed3ad2,0,0,0,0,0,0,0,0,0,0,0,0,0,0,0,0,0,0,0,0,RecentOpUser
0x721ba19c32051fd8e851a74958c52936516c7fdc,0,0,17.22,10,0,0,0,0,1,0,0,0,0,0,16.41,0,39,"1,125",1,1220,TrustedSeedMember
0x7221B104fba7701084759FD25FacA19Ac6300855,0,0,1190.27,0,0,0,1,0,0,0,1,0,0,0,0,0,0,"6,597",1,1120,TrustedSeedMember
0x72E1638bD8cD371Bfb04cF665b749A0E4ae38324,0,0,95.13,4,0,1,2,0,1,0,1,0,0,1,0,2,74,"3,473",1,2050,TrustedSeedMember
0x73Fa41c01077fE85ed557125848c509b013272E0,0,0,6.49,0,0,1,1,0,1,0,0,0,0,0,0,0,165,0,0,1010,RecentOpUser
0x74D2eD497F17a620e758d3797A978264611907F7,0,0,0,0,0,0,0,0,0,0,0,0,0,0,0,0,0,0,0,0,RecentOpUser
0x75536cf4f01c2bfa528f5c74ddc1232db3af3ee5,0,0,5058.08,0,0,2,5,1,1,0,0,0,0,0,0,0,42,0,0,1510,Delegate
0x760C7B2403a9Ee72E704b35ADEcF94e3D42A9D4f,0,0,0,0,0,0,0,0,0,0,0,0,0,0,0,0,0,"1,529",0,200,TrustedSeedMember
0x762cB991fa0A274999EbA2150778C0EFD45f6E4A,0,0,0,0,0,0,0,0,1,0,0,0,0,0,0,0,2,0,0,300,RecentOpUser
0x763d7D362B59aeA3858a92a302e18cd41b1252d4,0,0,1904.92,3,0,2,2,0,1,0,0,0,0,1,0,0,17,"22,333",0,1520,TrustedSeedMember
0x76eFa04a76D4662EE3544ac40bbEcBE0Cd196Ad4,0,0,0,0,0,0,0,0,0,0,0,0,0,0,0,0,0,"1,250",0,200,TrustedSeedMember
0x7710E7e881333Fd3396Ca5966BeD6E72746b612D,0,0,0,0,0,1,0,0,1,0,0,0,0,0,0,0,15,"3,606",1,900,TrustedSeedMember
0x7735f817ac266ec4385e3c38df96082dd632895b,0,0,0,0,0,0,0,0,0,0,0,0,0,0,0,0,0,"1,125",1,300,TrustedSeedMember
0x778549Eb292AC98A96a05E122967f22eFA003707,0,0,1959.11,4,0,0,2,0,1,0,0,0,0,0,0,0,18,"42,249",1,1120,TrustedSeedMember
0x778bc2ea28243a59663B6dE926e5f6a0Cd7B2ac9,0,0,0,0,0,0,0,0,0,0,0,0,0,0,0,0,0,"1,912",0,200,TrustedSeedMember
0x784FF72C420e3da4ACCb078A79156615f53E4af0,0,0,0,0,0,0,0,0,0,0,0,0,0,0,0,0,0,"1,210",0,200,TrustedSeedMember
0x785BcE358E1D65eaE596455F51349257FC278F38,0,0,0,0,0,0,0,0,1,0,0,0,0,0,0,0,495944,0,0,300,RecentOpUser
0x7899d9b1181cbb427b0b1be0684c096c260f7474,0,0,4.39,4,0,0,1,1,1,0,0,0,0,0,0,0,51,0,0,1310,Delegate
0x789e99657ceC90D1b1facCf9Ee5D63eD17470F83,0,0,0,0,0,0,0,0,1,0,0,0,0,0,0,0,4,0,0,300,RecentOpUser
0x7944FC7Bd79B25E6fFe24921d88A1f36f22bE843,0,0,555.93,0,0,0,1,0,0,0,0,0,0,0,0,0,0,"8,187",0,610,TrustedSeedMember
0x79898785198914E6e9aDddc3E142CdA7e1174128,0,0,0,0,0,0,0,0,0,0,0,0,0,0,0,0,2,0,0,100,RecentOpUser
0x79dE94216395eAFe072B8B50216b5648eDb3f609,0,0,827.76,0,0,0,1,0,0,0,0,0,0,0,0,0,0,"3,569",0,610,TrustedSeedMember
0x7ae109a63ff4dc852e063a673b40bed85d22e585,0,0,4,0,0,0,0,1,0,0,0,0,0,0,0,0,0,0,0,510,Delegate
0x7bB67731E1dc56D75beB2d93d52851bb39b6d833,0,0,0,0,0,0,0,0,1,0,0,0,0,0,0,0,3,0,0,300,RecentOpUser
0x7C6264DEAfA9F1F0A55dc6CDD6a03d2598393D9A,0,0,0,0,0,0,0,0,0,0,0,0,0,0,0,0,0,"1,137",0,200,TrustedSeedMember
0x7d547666209755FB833f9B37EebEa38eBF513Abb,0,0,393.86,53,0,0,1,0,1,0,1,0,0,1,17.68,0,30,"37,264",1,2020,TrustedSeedMember
0x7D678b9218aC289e0C9F18c82F546c988BfE3022,0,0,113.4,0,0,0,2,0,1,0,0,0,0,0,0,1,9,"2,500",1,1030,TrustedSeedMember
0x7d990c17573b9Fe410767723080fcb1734Ff7D5B,0,0,0,0,0,0,0,0,0,0,0,0,0,0,0,0,0,"2,661",0,200,TrustedSeedMember
0x7Dd2be525d829d383Cc9c91912ADccEBc254998c,0,0,0.49,0,0,1,1,0,1,0,0,0,0,0,0,0,197,0,0,1010,RecentOpUser
0x7e75c3Fbe3Aa9007d9E93eb948e02329b8b35dfE,0,0,0,0,0,0,0,0,0,0,0,0,0,0,0,0,0,"1,284",0,200,TrustedSeedMember
0x7F93e58A999D85879C2F051619F6879ba771f2Bf,0,0,0,0,0,0,0,0,0,0,0,0,0,0,0,0,0,"2,250",1,300,TrustedSeedMember
0x7fCFeb41316C67cA985C652e639367762D5E98dA,0,0,0,0,0,0,0,0,1,0,0,0,0,0,0,0,4,"1,617",1,600,TrustedSeedMember
0x8041748a2A16e9B7A3980107f4376774421642c8,0,0,0,0,0,0,0,0,0,0,0,0,0,0,0,2,0,"7,490",1,340,TrustedSeedMember
0x809C9f8dd8CA93A41c3adca4972Fa234C28F7714,0,0,628.94,15,0,1,2,0,1,0,1,0,0,1,38.14,0,55,"1,125",1,2320,TrustedSeedMember
0x80C67432656d59144cEFf962E8fAF8926599bCF8,0,0,44.94,0,0,10,1,0,0,0,0,0,0,0,0,0,377573,0,0,810,RecentOpUser
0x80fc5137886375e7e5c9fbaaf3f1bfcf86bce482,0,0,0,0,0,0,0,1,1,0,0,0,0,0,0,0,1,0,0,800,Delegate
0x80FE61720fE2BB8B54b028f037189De0b13aa50b,0,0,555.93,1,0,0,1,0,0,0,0,0,0,0,0,0,0,"3,356",0,720,TrustedSeedMember
0x81E509B929414434eE6F6bdB9F85F3703067cc1B,0,0,0,0,0,0,0,0,1,0,0,0,0,0,0,0,148,0,0,300,RecentOpUser
0x81e80B838e04644a93e4F3C701038889d3a1b95e,0,0,271.83,0,0,0,1,0,0,0,0,0,0,0,0,0,0,"1,125",0,610,TrustedSeedMember
0x822155cD1299f091F0ec88e77D970E84db273189,0,0,0,0,0,0,0,0,1,0,0,0,0,0,0,0,69,0,0,300,RecentOpUser
0x826976d7C600d45FB8287CA1d7c76FC8eb732030,0,14573.65,0,30,0,1,1,0,1,1,1,1,0,0,0,1,63,"25,575",1,2340,TrustedSeedMember
0x8289432ACD5EB0214B1C2526A5EDB480Aa06A9ab,0,0,6440.52,39,0,1,2,1,1,1,1,1,0,0,0,1,47,"4,985",1,2840,TrustedSeedMember
0x83713a1bE5A18750d8370a51f9D6fF39F6b4e815,0,0,0,0,0,0,0,0,1,0,0,0,0,0,0,0,1,"1,175",1,600,TrustedSeedMember
0x839395e20bbb182fa440d08f850e6c7a8f6f0780,0,8726466.46,22703.5,295,0,1,3,1,1,0,1,1,0,1,0,2,67,"150,048",1,3070,Delegate
0x83E57888cd55C3ea1cfbf0114C963564d81e318d,0,0,0,0,0,0,0,0,0,0,0,0,0,0,0,0,0,"19,067",1,300,TrustedSeedMember
0x84fA7bf6bEc68d460067d98cAD37d68028C160D9,0,0,0,0,0,0,0,0,1,0,0,0,0,0,0,0,33,0,0,300,RecentOpUser
0x850588b10E90cbC51eD6F28427e5f841194F8590,0,0,0,0,0,0,0,0,1,0,0,0,0,0,0,0,40,0,0,310,RecentOpUser
0x85147cD2D2E02ab176D85964E787bb2a0879cE8D,0,0,0,0,0,0,0,0,1,0,0,0,0,0,0,0,3,0,0,300,RecentOpUser
0x852B8763ECB27bEdDC190d1792029bc17FD5439a,0,0,0,0,0,0,0,0,0,0,0,0,0,0,0,0,0,"29,195",1,300,TrustedSeedMember
0x85E38523A65a5c9F628c5477033C742da1c218cc,0,0,0,0,0,0,0,0,1,0,0,0,0,0,0,0,66055,0,0,300,RecentOpUser
0x85eD40DbCa94B5BC73c6C7EC7f4eCaaD04A03a22,0,0,1165.52,0,0,0,2,0,1,0,0,0,0,0,0,0,2,"8,594",0,920,TrustedSeedMember
0x85f9c38a44EfB45CeF47cBf510e6e18cDdf2a78A,0,0,1439.42,0,0,1,2,0,1,0,0,0,0,0,0,0,2,"6,088",0,1210,TrustedSeedMember
0x864f2c20F55d7b6E80e65332C372C855a67be451,0,0,0,0,0,0,0,0,0,0,0,0,0,0,0,0,0,"4,994",0,200,TrustedSeedMember
0x865c2F85C9fEa1C6Ac7F53de07554D68cB92eD88,0,0,0,0,0,0,0,0,1,0,0,0,0,0,0,0,45,"1,326",1,600,TrustedSeedMember
0x86df6c44C599E58042475fa64760c4F13cA186C5,0,0,0,0,0,0,0,0,0,0,0,0,0,0,0,0,0,"1,125",1,300,TrustedSeedMember
0x874b3e815B02D3DCD5008FDEE96127c16292Ba1f,0,0,0,0,0,0,0,0,0,0,0,0,0,0,0,0,0,"2,249",0,200,TrustedSeedMember
0x8758E5741dE847363dD2715a62431cc0cBda4cA6,0,0,0,0,0,0,0,0,0,0,0,0,0,0,0,0,0,"6,067",1,310,TrustedSeedMember
0x87700B152DbbB59ce7F6176c2E7fe578Ba0aB51E,0,0,0,0,0,0,0,0,0,0,0,0,0,0,0,0,9600,0,0,100,RecentOpUser
0x8775176d59002A89B7F9358A26C578F83FbA9caf,0,0,0,0,0,0,0,0,1,0,0,0,0,0,0,0,13,0,0,300,RecentOpUser
0x882FD033EeD73Fc184e4a340654190c5a342E984,0,0,555.93,0,0,1,1,0,0,0,0,0,0,0,0,0,0,"6,720",0,910,TrustedSeedMember
0x884Ff907D5fB8BAe239B64AA8aD18bA3f8196038,0,0,2491.98,23,0,0,2,0,1,0,1,1,0,0,0,0,104,"1,471",0,1920,TrustedSeedMember
0x88B353202e61fffeF56bbfbc2748839e7C707e9F,0,0,0,0,0,0,0,0,0,0,0,0,0,0,0,0,0,"3,794",1,300,TrustedSeedMember
0x88eaCcc16E9E9D889327C86Bed6732E00ce01750,0,0,0,0,0,0,0,0,1,0,0,0,0,0,0,0,7,0,0,300,RecentOpUser
0x89010e1adB2E3E90E7f94245090615c297C733De,0,0,0,0,0,0,0,0,0,0,0,0,0,0,0,0,0,"1,151",0,200,TrustedSeedMember
0x8A6a17F1A3DA0F407A67BF8E076Ed7F678D85f29,0,0,0,0,0,0,0,0,1,0,0,0,0,0,0,0,684,0,0,300,RecentOpUser
0x8a8fd287f9C0D69c8D749b32e10a1e0A96dedCf3,0,0,0,0,0,0,0,0,0,0,0,0,0,0,0,0,0,"5,859",1,300,TrustedSeedMember
0x8aA27E90E139d5AB5704df69429341cbCb2d2464,0,0,0,0,0,0,0,0,0,0,1,1,0,0,0,2,0,"14,521",1,1240,TrustedSeedMember
0x8Aac40061E258d6e45Fd13E214710ABDF356285a,0,0,555.93,0,0,0,1,0,0,0,0,0,0,0,0,0,0,"6,951",0,610,TrustedSeedMember
0x8B580433568E521ad351b92b98150c0C65ce69B7,0,0,1190.27,0,0,0,1,0,1,0,0,0,0,1,0,0,7,"2,261",0,1110,TrustedSeedMember
0x8ccde64d05a7677d80a5960cb75fb8de486cf98d,0,0,0,0,0,0,0,1,1,0,0,0,0,0,0,0,1,0,0,800,Delegate
0x8CFc4459394801D2EA78F9cEeB31a7f58B8CdDDe,0,0,2723.69,0,0,0,2,0,1,0,0,0,0,0,0,0,299656,0,0,710,RecentOpUser
0x8d21D34fa0fA590b6D8b8f3DD4eB531F973ABA5c,0,0,0,0,0,0,0,0,0,0,0,0,0,0,0,0,0,0,0,0,RecentOpUser
0x8De127aFabA3EC4BcCf5D91bBB68091B5F10954f,0,0,0,0,0,0,0,0,0,0,0,0,0,0,0,0,0,"6,059",0,200,TrustedSeedMember
0x8f07bc36ff569312fdc41f3867d80bbd2fe94b76,0,0,10513.24,0,0,0,3,1,1,0,0,0,0,0,0,1,50,0,0,1230,Delegate
0x8f5415415d9200ccd8523f3ee88f96f476141cc3,0,0,5.29,0,0,0,0,1,1,0,0,0,0,0,0,0,17,0,0,810,Delegate
0x8f73be66ca8c79382f72139be03746343bf5faa0,0,0,769.95,0,0,4,1,1,1,0,0,0,0,1,0,0,64,0,1,2310,Delegate
0x8F942ECED007bD3976927B7958B50Df126FEeCb5,0,0,3043.04,1,0,1,2,0,1,0,1,0,0,0,0,0,18,"1,393",0,1720,TrustedSeedMember
0x90299EC59b94398a3a31a795Bc585F743d0e5Cc9,0,0,238.25,15,0,0,2,0,1,0,0,0,0,0,0,10,29,"1,224",0,1220,TrustedSeedMember
0x9194b1713A8E07Bc47B90Fb7937E28e09b6cd100,0,0,0,0,0,0,1,0,1,0,0,0,0,0,0,0,7,"16,532",1,1010,TrustedSeedMember
0x91b59d2667FF31e1453Ea1e3fbABB037E67D3992,0,0,3000.91,0,0,0,1,0,1,0,0,0,0,0,0,0,568,0,0,710,RecentOpUser
0x92b0fd2bd1991b2bdbb1306a719bd45dbfa46768,0,0,0,0,0,0,0,0,0,0,0,0,0,0,0,0,0,"1,748",0,200,TrustedSeedMember
0x933Fe343746549ac10D471cE4DfA20bAab3EdE86,0,0,0,0,0,0,0,0,0,0,0,0,0,0,0,0,0,"1,330",0,200,TrustedSeedMember
0x9384EB57f892CCE158c9Ad5446d815Cc7584d42B,0,0,3084.73,0,0,0,2,0,1,0,0,0,0,0,0,0,2,"4,100",0,910,TrustedSeedMember
0x94860EA6872d863E91f3Ce3f8cF574Ef0859620b,0,0,0,0,0,0,0,0,0,0,0,0,0,0,0,0,0,"4,167",0,200,TrustedSeedMember
0x94db037207f6fb697dbd33524aadffd108819dc8,0,0,1331.25,0,0,0,5,1,1,0,0,0,0,0,0,0,72,0,0,1210,Delegate
0x9542225b26ae10B4c47625D75DA5123d838b30d8,0,0,555.93,0,0,0,1,0,0,0,0,0,0,0,0,0,0,"1,781",0,610,TrustedSeedMember
0x95660B8f62B6372bb8A821872BF957922dE1fe89,0,0,1190.27,0,0,0,1,0,0,0,0,0,0,0,0,1,0,"4,318",0,630,TrustedSeedMember
0x9672c0e1639f159334ca1288d4a24deb02117291,0,0,0,1,0,0,0,0,1,0,0,0,0,1,0,0,3,"1,125",1,900,TrustedSeedMember
0x978f2476D6aaA35f07e1d96449657f7C06759293,0,0,0,0,0,0,0,0,0,0,0,0,0,0,0,0,0,0,0,0,RecentOpUser
0x9885a84930E3C8c865A1D3dEBDC204F990BaB7C3,0,0,3808.04,37,0,2,2,0,1,0,0,0,0,0,0,0,117,"3,586",1,1420,TrustedSeedMember
0x98f1d35bB3A4570AeAa601aA3eB54d8fc7aB37e1,0,0,0,0,0,0,1,0,1,0,0,0,0,0,0,0,2,0,0,700,RecentOpUser
0x99272DB5353e13c18b711D99d3a8F36ba459f747,0,0,0,0,0,0,0,0,0,0,0,0,0,0,0,0,0,"8,807",0,200,TrustedSeedMember
0x9959ddA625ba12809849F9b0F44E660C0f136733,0,0,0,0,0,0,0,0,0,0,0,0,0,0,0,0,0,"1,859",0,200,TrustedSeedMember
0x9a9B8DbCd08743Ae0f75eD48eDBB5db75814089b,0,0,0,0,0,0,0,0,1,0,0,0,0,0,0,0,4,0,0,300,RecentOpUser
0x9Aa6Db877742aD8D8c7fE209F561fbd2bE19D5F4,0,0,1462.1,0,0,0,1,0,0,0,0,0,0,0,0,0,0,"1,850",0,610,TrustedSeedMember
0x9ac9c636404C8d46D9eb966d7179983Ba5a3941A,0,0,0,0,0,0,0,0,1,1,1,0,0,0,0,0,12,"5,769",1,1000,TrustedSeedMember
0x9ae494fbac34682c122a1d4e3d6ae1eb5404a469,0,0,0,3,0,1,1,0,1,1,1,0,0,1,27.46,0,217,"1,125",1,2300,TrustedSeedMember
0x9b231950070308a3930a08020316dbb6999924c2,0,0,0,0,0,1,0,0,0,0,0,0,0,0,0,0,0,"1,125",1,600,TrustedSeedMember
0x9b7df3a2df61e72df5c4d565a0e017d7c5c6e532,0,0,180.39,0,0,1,2,1,1,0,0,0,0,0,0,0,7,0,0,1510,Delegate
0x9c8984a1b26ea82ffcc7a4ef058b303a85b7fa25,0,0,0,0,0,0,0,1,1,0,0,0,0,0,0,0,1,0,0,800,Delegate
0x9cbe5b896d0c24acf41860b9e3df6750c2040a40,0,0,0,0,0,0,0,1,0,0,0,0,0,0,0,0,0,0,0,500,Delegate
0x9D5A0ec9DCab69075E4fF40B46813f6D952bbD65,0,0,0,0,0,0,0,0,0,0,0,0,0,0,0,0,0,"3,169",1,300,TrustedSeedMember
0x9dE0c4bcC1FB8fAaB56Aa04C2E18fB3D8B694bBb,0,0,0,0,0,0,0,0,0,0,0,0,0,0,0,0,0,"2,380",0,200,TrustedSeedMember
0x9de78B32339df46ab670b0c580bdEc9Ac68acB76,0,0,0,0,0,0,0,0,0,0,0,0,0,0,0,0,0,"2,250",1,300,TrustedSeedMember
0x9e476f951Dc5aF8E4f7fD02C78f0CD765A25C8C0,0,0,0,0,0,0,0,0,1,0,0,0,0,0,0,0,2,"1,629",0,500,TrustedSeedMember
0x9e5b45e4872de2ee4b6ffbd06b3735501826b032,0,0,1451.39,0,0,0,2,1,1,0,0,0,0,0,0,0,10,0,0,1210,Delegate
0x9e7a59B3124A482E9f046c00910d22D62c21B272,0,0,0,0,0,0,1,0,1,0,0,0,0,0,0,0,128539,0,0,710,RecentOpUser
0x9Ef53569800e203C20200256CF134abc675bC8e1,0,0,0,0,0,0,0,0,0,0,0,0,0,0,0,0,0,"1,466",1,310,TrustedSeedMember
0x9F082e184259D2F7089DF5CED36679BB88bfe123,0,0,1.99,0,0,1,1,0,1,0,0,0,0,0,0,0,21,"2,184",0,1220,TrustedSeedMember
0x9f2942fF27e40445d3CB2aAD90F84C3a03574F26,0,0,555.93,0,0,0,1,0,0,0,0,0,0,0,0,1,0,"13,028",0,640,TrustedSeedMember
0x9FdDF8fE316f75e978c5dA979144DfF0590968aF,0,0,0,0,0,0,0,0,1,0,0,0,0,0,0,0,17,0,0,300,RecentOpUser
0x9ff6e05e9c5f4e2f5ed8fd771c98e0c07e933b85,0,0,2624.19,0,0,0,0,1,1,0,0,0,0,0,0,0,1,0,0,810,Delegate
0xA0A1A1736D98C835BD2608ABFE242bA7E65D2126,0,0,100.23,0,0,0,2,0,1,0,0,0,0,0,0,0,30,"1,888",0,910,TrustedSeedMember
0xA0f780d46F103DB59Cfc5ffeC8B25FfD36940EA7,0,0,555.93,0,0,0,1,0,0,0,0,0,0,0,0,0,0,"6,708",0,610,TrustedSeedMember
0xa2ef65aEcecb83cd1bD3579A8669779099317952,0,0,0,0,0,0,0,0,0,0,0,0,0,0,0,0,0,"23,722",0,200,TrustedSeedMember
0xa32aECda752cF4EF89956e83d60C04835d4FA867,0,0,12.99,5,0,0,0,0,1,1,1,1,0,0,22.05,0,69,"27,521",1,1910,TrustedSeedMember
0xA35c949f8dFa0987FB7009683Ed4B27F3763EE87,0,0,9.87,6,0,0,1,1,1,0,0,0,0,0,0,0,287,0,0,1310,RecentOpUser
0xa3ebc4a674ac613f797b45b4bdc1c1ddab13836a,0,0,0,0,0,0,0,1,1,0,0,0,0,0,0,0,2,0,0,800,Delegate
0xa3F67B69cCaB3D32dB3C3539d49d169F7F252ee7,0,0,0,0,0,0,0,0,1,0,0,0,0,0,0,0,11,0,0,300,RecentOpUser
0xa444987a5D2C45150399c5Cec0c8Bf719A6Dea3e,0,0,0,0,0,0,0,0,0,0,0,0,0,0,0,0,0,"3,335",1,300,TrustedSeedMember
0xa4d338186d93a77b5a82ac8253b79050b0058275,0,0,0,1,0,1,2,1,1,0,1,0,0,0,0,0,212,"1,125",1,2300,TrustedSeedMember
0xA4D506434445Bb7303eA34A07bc38484cdC64a95,0,0,0,0,0,2,0,0,1,0,1,1,0,0,11.3,0,22,"1,181",1,2100,TrustedSeedMember
0xA5320F385285942Ff5B852179A96e2c0615F598e,0,0,0,2,0,0,0,0,0,0,0,0,0,0,0,2,0,"1,162",0,340,TrustedSeedMember
0xa6BBa3FD4493e614C97E1dFc39FD55759AEA4F9A,0,0,202.95,0,0,0,2,1,1,0,0,0,0,0,0,0,4,"1,125",1,1510,TrustedSeedMember
0xa6e8772af29b29b9202a073f8e36f447689beef6,0,0,1190.27,0,0,0,4,1,1,0,0,0,0,0,0,0,1,0,0,1210,Delegate
0xa81fa36C51C95b52431038352D3D452C5De5E6e8,0,0,0,0,0,0,0,0,0,0,0,0,0,0,0,0,0,"1,169",0,200,TrustedSeedMember
0xA836F92B001C435C9e5D464c8adbE69DDA9930Bc,0,0,0,0,0,0,0,0,0,0,0,0,0,0,0,0,2,0,0,100,RecentOpUser
0xAa01DeC5307CF17F20881A3286dcaA062578cea7,0,0,394.11,15,0,1,2,0,1,0,0,0,0,0,14.85,0,28,"10,499",1,1720,TrustedSeedMember
0xaa31cb426e2c83cda9c850874d166d7fca836b14,0,0,0,0,0,0,0,1,1,0,0,0,0,0,0,0,14,0,0,800,Delegate
0xaa79B87DC8B046A5E4f7D03F1562D7fe5BF98737,0,0,0,0,0,0,0,0,1,0,0,0,0,0,0,1,4,"38,748",1,620,TrustedSeedMember
0xABAdbeD9EE3839304fEB849f41e7D1359ce6c5D3,0,0,102.31,0,0,0,1,0,1,0,0,0,0,0,0,0,350,0,0,710,RecentOpUser
0xac446dD360716ACef4E930612dCb1f652A98d750,0,0,555.93,0,0,0,1,0,0,0,0,0,0,0,0,0,0,"3,048",0,610,TrustedSeedMember
0xAcC89b21449b6CBB5101D5267F730C25E02E2409,0,0,3232.96,0,0,1,2,0,1,0,0,0,0,0,0,0,5,"1,299",0,1210,TrustedSeedMember
0xaD2DCb058f10B4e11611F9c1fC0aA1A532E270D6,0,0,827.76,0,0,0,1,0,0,0,0,0,0,0,0,0,0,"2,677",1,710,TrustedSeedMember
0xaDa258b76d3Fce0149946740cD2b6cEaeeA8fA61,0,0,0,0,0,0,0,0,0,0,0,0,0,0,0,0,0,"1,137",0,200,TrustedSeedMember
0xADB620Ec86EEb3570cc142Bbc4b5556886Cd259B,0,0,0,0,0,0,0,0,0,0,0,0,0,0,0,0,0,"3,355",0,200,TrustedSeedMember
0xaE7f11378dABA3757e9D7691be04285938bE35B5,0,2475.34,231.43,0,0,0,2,0,1,0,0,0,0,1,0,0,54,"1,125",1,1230,TrustedSeedMember
0xae9A1Bbd8A53E6BD845D1b493CD174E6B0531eb8,0,0,0,0,0,0,0,0,0,0,0,0,0,0,0,0,0,"1,554",0,200,TrustedSeedMember
0xB00784c401D42f03ccbE1e85b9f2a4aE056C7251,0,0,0,0,0,0,0,0,0,0,0,0,0,0,0,0,0,"1,125",1,300,TrustedSeedMember
0xb074ec6c37659525eef2fb44478077901f878012,0,0,93930.03,0,0,0,1,1,1,0,0,0,0,0,0,0,1,0,0,1210,Delegate
0xb08F95dbC639621DbAf48A472AE8Fce0f6f56a6e,0,0,20478.51,52,0,3,2,0,1,1,1,0,0,0,0,0,327,"1,130",1,1820,TrustedSeedMember
0xB0CCf43adA6CBaA26dcf4907117b496d49f74242,0,0,0,51,0,0,1,0,1,0,0,0,0,0,0,0,256,"1,409",1,1600,TrustedSeedMember
0xb19DF2BCe7c036B69b20180413b58012Fa328e58,0,0,0,0,0,0,0,0,0,0,0,0,0,0,0,0,0,"1,716",0,200,TrustedSeedMember
0xB1B7586656116D546033e3bAFF69BFcD6592225E,0,0,2018.03,3,0,0,1,0,0,0,0,0,0,0,0,0,0,"1,502",0,710,TrustedSeedMember
0xb1ea5a3e5ea7fa1834d48058ecda26d8c59e8251,0,0,0,0,0,0,3,1,1,0,0,0,0,0,0,0,192,0,0,1700,Delegate
0xB1f0D485227DbeCFf6F1c0F28a58bBa1a97D4D81,0,0,2469.36,0,0,0,1,0,1,0,0,0,0,0,0,0,436052,0,0,710,RecentOpUser
0xB1FbaD53FD06082d884c90dbd66c68613453Bf20,0,0,0,0,0,0,0,0,0,0,0,0,0,0,0,0,0,"1,134",1,300,TrustedSeedMember
0xB20A327C9b4Da091f454B1Ce0E2e4DC5C128b5B4,0,0,106.2,0,0,1,2,0,1,0,0,0,0,0,0,0,4,"4,618",0,1210,TrustedSeedMember
0xB22981bA3FE1De2325935c91a3B717168fB86714,0,0,0,33,0,1,1,0,1,0,1,1,0,1,4.84,3,67,"31,238",1,2860,TrustedSeedMember
0xB24F31BC22338ff0425F2E16c4902A8Aa307807d,0,0,0,0,0,0,0,0,0,0,0,0,0,0,0,0,0,"3,013",0,200,TrustedSeedMember
0xb2821C0DF0c414ff51D3e8033CBA26DF6AaC587b,0,0,0,0,0,0,0,0,1,0,0,0,0,1,0,0,8,"28,498",1,800,TrustedSeedMember
0xB2d60143097b4F992BfBE955a22dbb2AcD9a8EAb,0,0,3843.39,7,0,0,2,0,1,0,0,0,0,0,0,1,6,"3,932",1,1140,TrustedSeedMember
0xb3c506D60D45Abb917eE10a947749a098b497D3D,0,0,9.42,0,0,0,2,0,1,0,0,0,0,0,0,0,36090,0,0,710,RecentOpUser
0xB3e43abf014cb2d8cF8dc3D8C2e62157E6093343,0,0,1746.19,0,0,0,1,0,0,0,0,0,0,0,0,0,0,"14,169",0,620,TrustedSeedMember
0xb525F6b3b5EFCC0C54582de2F08D890F7793e3e4,0,0,4695.51,7,0,1,2,0,1,0,0,0,0,0,0,0,30,"1,125",1,1410,TrustedSeedMember
0xB53b0255895c4F9E3a185E484e5B674bCCfbc076,0,0,6140.8,0,0,1,2,0,1,0,1,1,0,0,0,1,85,"3,801",0,2130,TrustedSeedMember
0xB6DaCFC9e6443F2546E9285BA4AE6359cDc20727,0,0,271.83,0,0,1,1,0,1,0,0,0,0,0,0,0,3,"1,175",1,1320,TrustedSeedMember
0xb760FE1bbC4A2752aBCBb28291a57Cb0cA99fF44,0,0,0,43,0,0,0,0,1,0,1,0,0,0,16.23,0,3,"40,156",1,1410,TrustedSeedMember
0xB7805B7b514B4BDBce556772915B2Aa9179507A4,0,0,0,0,0,0,0,0,0,0,0,0,0,0,0,0,0,"1,125",0,200,TrustedSeedMember
0xb7abf554aefd4686639afcf2a653adfda3d9b038,0,0,0,0,0,0,0,1,1,0,0,0,0,0,0,0,4,0,0,800,Delegate
0xB81E88279F3208001AEdA20689d3E5d818758dbf,0,0,5.47,0,0,1,1,0,1,0,0,0,0,0,0,0,162,"1,530",0,1210,TrustedSeedMember
0xb8c2C29ee19D8307cb7255e1Cd9CbDE883A267d5,0,0,3817.2,0,0,1,2,0,1,0,1,1,0,0,0,0,3,"1,176",0,2120,TrustedSeedMember
0xB8FF877ed78Ba520Ece21B1de7843A8a57cA47Cb,0,0,0,0,0,0,0,0,1,0,0,0,0,0,0,0,4204524,0,0,300,RecentOpUser
0xb9313E2cA88363f253312BD8Fc25eFe0C5D42c95,0,0,0,0,0,0,0,0,0,0,0,0,0,0,0,0,0,"3,093",0,200,TrustedSeedMember
0xB939f2016d648968c2168C50409eD4ff3eA5716c,0,0,0,0,0,0,0,0,0,0,0,0,0,0,0,0,0,"1,125",0,200,TrustedSeedMember
0xb950e0e108546743af96eb493d4ff2abc63816db,0,0,0.76,0,0,0,1,0,1,0,0,0,0,0,25.99,0,2,"3,323",1,1310,TrustedSeedMember
0xb9DCE4552F39901c2EF5957726aC541699d7764D,0,0,0,0,0,0,1,0,1,0,0,0,0,0,0,0,264,0,0,700,RecentOpUser
0xBb37CA7128A6eD57557C31013900BF978211BFD4,0,0,61.28,0,0,3,2,1,1,0,0,0,0,0,0,0,266,0,0,1510,RecentOpUser
0xbBF18E915C4E95c4140445edF9F6a53Dd84E0173,0,0,0,0,0,0,0,0,1,0,0,0,0,0,0,0,27,0,0,300,RecentOpUser
0xBc74cc61c131205E1D71db1854BF25C83C0355e8,0,0,271.83,0,0,0,1,0,0,0,0,0,0,0,0,0,0,"1,125",0,610,TrustedSeedMember
0xbcaE3F1Ab2Ac4A82D199720BE78c5a32bb144e8b,0,0,3482.8,0,0,1,2,0,1,0,0,0,0,0,0,0,11,"1,329",0,1220,TrustedSeedMember
0xc131afE6dBD5a71f16D8B292f0B4Ae1aA200DA3f,0,0,0,0,0,0,0,0,0,0,0,0,0,0,0,0,0,"2,882",0,200,TrustedSeedMember
0xc154eB56388c8ce13492B3b149D451bb1B42AC5B,0,0,0,0,0,0,0,0,0,0,0,0,0,0,0,0,0,"1,796",0,200,TrustedSeedMember
0xC185D89F3E98B906B3Ec8AF1d6EC19cC02fbea78,0,0,6.59,0,0,0,0,0,1,0,0,0,0,0,0,0,145,0,0,320,RecentOpUser
0xc2fB4B3EA53E10c88D193E709A81C4dc7aEC902e,0,0,0,2,0,0,0,0,1,0,0,0,0,1,0,1,21,"1,626",0,820,TrustedSeedMember
0xc420c9d507d0e038bd76383aaadcad576ed0073c,0,0,0,0,0,0,0,1,0,0,0,0,0,0,0,0,0,0,0,500,Delegate
0xC453e07AD5085eE0A9f9BDD03c0f2841A92455f4,0,0,0,0,0,0,0,0,0,0,0,0,0,0,0,0,0,"1,125",0,200,TrustedSeedMember
0xC46c67Bb7E84490D7EbdD0b8ecDaca68Cf3823F4,0,107828.12,1452.72,79,0,0,2,0,1,0,1,1,0,1,0.69,3,23,"20,613",1,2580,TrustedSeedMember
0xc5a53b78734284D683d623C5C06D2e646abCec3f,0,0,0,0,0,0,0,0,1,0,0,0,0,0,0,0,66367,0,0,300,RecentOpUser
0xc5C4F3145b252407e25Cfc92DA0FB0Bce2bc3310,0,0,0,0,0,0,0,0,0,0,0,0,0,0,0,0,0,"1,125",0,200,TrustedSeedMember
0xc68B60EFbb0cB223708c40ee9C264EDf04378951,0,0,0,0,0,0,0,0,1,0,0,0,0,0,0,0,207,0,0,300,RecentOpUser
0xc68e8827FC1Dd3b2bc94Ca8b0228268f16dd6cf6,0,0,0,0,0,0,0,0,1,0,0,0,0,0,0,0,21,"2,660",0,500,TrustedSeedMember
0xc6b0a4c5BA85d082eCd4Fb05FBF63eb92AC1083a,0,0,827.76,0,0,1,1,0,1,0,0,0,0,0,0,0,1,"5,410",1,1310,TrustedSeedMember
0xc70abe97baf38782fa479b23311b611d0e82076b,0,0,0,0,0,0,0,1,1,0,0,0,0,0,0,0,8,0,0,800,Delegate
0xc7b2f15b62F186DCc69F35CD9Ae833f6de6146ab,0,0,0,0,0,0,0,0,0,0,0,0,0,0,0,0,0,"2,773",1,300,TrustedSeedMember
0xC7bF5DA444C923AAA80d77d288e86F3246dd4170,0,0,399.54,0,0,1,2,0,1,0,0,0,0,0,0,0,7,"2,053",0,1220,TrustedSeedMember
0xc7D0Fd6DD83955B027f0f038c861D7D031c59785,0,0,170.08,1,0,0,2,0,1,0,0,0,0,0,0,0,6,"2,599",1,1110,TrustedSeedMember
0xC8373EDFaD6d5C5f600b6b2507F78431C5271fF5,0,0,1065.56,0,0,0,1,1,1,0,0,0,0,0,0,0,188720,0,0,1210,RecentOpUser
0xC865eb005feDa68Ad94a8f357D3C01Fa129E203C,0,0,0,0,0,0,1,0,1,0,0,0,0,0,0,0,128600,0,0,710,RecentOpUser
0xc89eD88B54fD663b86FFd76f6AD2cDA09d2cE13c,0,0,0,0,0,0,0,0,0,0,0,0,0,0,0,0,0,"4,099",0,200,TrustedSeedMember
0xc91d300D342eC4EBbC61B3AE75dc5D7245109dD9,0,0,0,0,0,0,0,0,1,1,1,1,0,1,0,0,4,"2,010",1,1700,TrustedSeedMember
0xc94ae9860b37170c08e51f453f8124a86cd7c0cd,0,0,0,0,0,0,0,1,1,0,0,0,0,0,0,0,1,0,0,800,Delegate
0xca4aD39F872E89Ef23eABd5716363Fc22513E147,0,0,17.64,0,0,1,3,0,1,0,0,0,0,0,0,0,282,"1,324",1,1310,TrustedSeedMember
0xcaAA39294a02bF3Bf6a806D11d687e244CE56378,0,0,0,0,0,0,0,0,0,0,0,0,0,0,0,0,0,"1,144",0,200,TrustedSeedMember
0xcaff17d5c7C349bE300E93cbAF56bc868ef75982,0,0,0,0,0,1,0,0,1,0,0,0,0,0,0,0,11,"1,421",0,800,TrustedSeedMember
0xCb5Fba4419ABC4D7C11af0C24BA0F2e555407F5b,0,0,555.93,0,0,0,1,0,0,0,0,0,0,0,0,0,0,"5,685",0,610,TrustedSeedMember
0xcBc473f08a515cD8E612f63A254278879F1eD315,0,0,0,0,0,0,0,0,1,0,0,0,0,0,0,0,1,"1,125",0,500,TrustedSeedMember
0xcdAEb3bCE9Df386b574F2AeFB06b9a2a156835b4,0,0,0,0,0,0,0,0,0,0,0,0,0,0,0,0,0,"1,280",0,200,TrustedSeedMember
0xCDB49b0bE40e3605A098E5c97005910Cc9F2106A,0,0,0,0,0,1,1,0,1,0,0,0,0,0,0,0,4,0,0,1000,RecentOpUser
0xcEAcC735C67217101ABD0FFB46661C42deC366a8,0,0,883.76,0,0,1,2,0,1,0,0,0,0,0,0,0,27,"1,194",0,1220,TrustedSeedMember
0xCF0FA79c915F12592c352FFe35000fda5c96a158,0,0,555.93,0,0,0,0,0,1,0,0,0,0,0,0,0,1,"6,038",0,510,TrustedSeedMember
0xCF52f1402e73418BC5E6AccBD246EE8Dfb055605,0,0,555.93,0,0,2,1,0,1,0,0,0,0,0,0,0,6,"35,129",1,1320,TrustedSeedMember
0xcf79C7EaEC5BDC1A9e32D099C5D6BdF67E4cF6e8,0,0,0,70,0,2,0,0,1,0,1,0,0,0,0,1,7,"44,454",1,1430,TrustedSeedMember
0xcf9Bb70b2f1aCCb846e8B0C665a1Ab5D5D35cA05,0,0,1.26,0,0,0,0,0,1,0,0,0,0,0,0,0,3,"1,250",0,510,TrustedSeedMember
0xd0Cdc872439164D46785bb73Eeae91d29f1dae8d,0,0,0,0,0,0,0,0,0,0,0,0,0,0,0,0,0,"3,169",0,200,TrustedSeedMember
0xd0ef3a2Ae7Fb496C0897400f1be46693B6183B0a,0,0,271.83,32,0,0,1,0,1,0,0,0,0,0,0,0,3,"1,494",1,1120,TrustedSeedMember
0xd11256d99f8833beE0B99203DDcfe4cd6c823d8D,0,0,366.95,53,0,1,1,0,1,1,1,1,0,1,24.8,8,58,"2,250",1,2980,TrustedSeedMember
0xd1a317989c846E42F64128dAeBd975f857068a8C,0,0,0,0,0,0,0,0,0,0,0,0,0,0,0,0,0,"1,150",0,200,TrustedSeedMember
0xd1c5980984bdbb0061b842fa81b3d38859850c39,0,0,1,0,0,1,0,1,1,0,0,0,0,0,0,0,13,0,0,1110,Delegate
0xd2085f9C9Cc7698133462F2933E03D219a923478,0,0,4.85,0,0,0,0,0,1,0,0,0,0,0,0,0,27,0,0,310,RecentOpUser
0xd23199f1222c418ffc74c385171330b21b16e452,0,0,0,1,0,9,5,1,1,1,1,1,0,0,0,0,2695,0,0,2510,Delegate
0xD2FA59811af055e0e94D570EA7F9800c0E5C0428,0,0,0,0,0,1,1,0,1,0,1,1,0,0,0,0,206,"1,159",1,2200,TrustedSeedMember
0xd3043dc6b2672d1B0cc48D95E5f326186b3c76DD,0,0,0.73,0,0,0,0,0,1,0,0,0,0,0,0,0,137,0,0,310,RecentOpUser
0xd39Cd96F0Ac0C785ca5759766C1efCc6d82Fe6F8,0,0,0,0,0,0,1,0,1,0,0,0,0,0,0,0,323,0,0,700,RecentOpUser
0xd3f160E76b46593E8c62E6e6F57a1a7ab1CF45D1,0,0,0,0,0,0,0,0,1,0,0,0,0,0,0,0,7,0,0,300,RecentOpUser
0xD3F8A83DD0F5C873be0973dbD67Bf0d441aE49d0,0,0,0,0,0,0,0,0,0,0,0,0,0,0,0,0,0,"3,935",0,200,TrustedSeedMember
0xD5288ED50a195017E5B30595F65091a7767817a4,0,36.51,0,23,0,1,0,0,1,1,1,0,0,1,0,1,44,"6,993",1,1630,TrustedSeedMember
0xD602D991dc99f6632C9F1E587D93c3c8cE7220B6,0,0,555.93,0,0,0,1,0,0,0,0,0,0,0,0,0,0,"3,938",0,610,TrustedSeedMember
0xd6f5646D9E7FbeE7CC907EB8e12dAFA5378431E6,0,0,5178.59,20,0,0,2,0,1,0,0,0,0,0,12.18,0,21,"1,565",1,1410,TrustedSeedMember
0xD70A0999e4AFcD794Ae01dD7194f34D60e5e21F4,0,0,0,0,0,0,0,0,0,0,0,0,0,0,0,0,0,"1,483",0,200,TrustedSeedMember
0xD8d73969CaEDdb6b313c43168544eC802b65dB37,0,0,0,0,0,0,0,0,1,0,0,0,0,0,0,0,24,0,0,800,RecentOpUser
0xD8D79754008006aE578FF2507091543D12f1D8bC,0,0,0,0,0,1,1,0,1,0,0,0,0,0,0,0,4,"1,125",1,1300,TrustedSeedMember
0xD91ec22114897E5E68997F77a6182dE3Cb09ba9B,0,0,0,0,0,0,0,0,1,0,0,0,0,0,0,0,3,"1,414",0,500,TrustedSeedMember
0xd972683d7b4Ca8c88c088Cf96022abB4Ad1dD164,0,0,0,0,0,0,0,0,1,0,0,0,0,0,0,0,2,0,0,300,RecentOpUser
0xdA8049e0492fD28cEC24267C02F773F0e99E4b88,0,0,0,0,0,0,0,0,1,0,0,0,0,0,0,0,470466,0,0,300,RecentOpUser
0xdab0d648a2a771e6952916a822dddf738b535f5a,0,0,0,0,0,0,0,1,1,0,0,0,0,0,0,0,1,0,0,800,Delegate
0xdb5781a835b60110298ff7205d8ef9678ff1f800,0,0,0,0,0,0,0,1,1,0,0,0,0,1,0,0,2,0,0,1000,Delegate
0xDbd300Eba0F755Bb06DA769A4E1A84E4330068AF,0,0,57.02,5,0,1,1,1,1,0,0,0,0,0,0,0,707,0,0,1620,RecentOpUser
0xdBf4C24BCe4896A2Ea14Ce1e84C5245217E60FA8,0,0,0,0,0,0,0,0,0,0,0,0,0,0,0,0,0,"2,367",0,200,TrustedSeedMember
0xdC0046B52e2E38AEe2271B6171ebb65cCD337518,0,0,284.23,0,0,0,2,1,1,0,0,0,0,1,41.41,0,15,"3,359",1,2520,TrustedSeedMember
0xdc01ea5b6b48187f5aa1e422e90dc01d03217b76,0,0,0,0,0,0,0,1,1,0,0,0,0,0,0,0,1,0,0,800,Delegate
0xdca6F7CB3cF361C8dF8FDE119370F1b21b2fFf63,0,0,0,0,0,0,0,0,0,0,0,0,0,0,0,0,0,"1,125",1,300,TrustedSeedMember
0xDcdf8164AAF9345E48E747e95B07d2782D09Cb40,0,0,0,0,0,0,0,0,0,0,0,0,0,0,0,0,0,"1,217",0,200,TrustedSeedMember
0xdcf7be2ff93e1a7671724598b1526f3a33b1ec25,0,0,18032.74,0,0,0,5,1,1,1,1,1,0,0,0,0,289,0,0,2110,Delegate
0xdD0955D12962044D427753F6C9b6C241d2A7D965,0,0,0,0,0,0,0,0,1,0,0,0,0,0,0,0,18563,0,0,300,RecentOpUser
0xdD505DA2e2A8017f38a715948c6b6A2922ba27f0,0,0,555.93,0,0,0,1,0,0,0,0,0,0,0,0,0,0,"17,140",1,710,TrustedSeedMember
0xDD6483d981eD6E8AD739Cac7E51CFaB6Eb85e34a,0,0,0,0,0,0,0,0,1,0,0,0,0,0,0,0,1,0,0,300,RecentOpUser
0xdE9a7241a13A83e7cc5039aaa684DB0aFb7EB0Dc,0,0,0,0,0,0,0,0,1,0,0,0,0,0,0,0,85,0,0,300,RecentOpUser
0xdEe4fBF0b62febe20000826EaeB939E2Cc7876b4,0,0,0,0,0,0,0,0,0,0,0,0,0,0,0,0,0,"1,425",1,300,TrustedSeedMember
0xDF00e071996dE3336899bBd5722592b3D972E788,0,0,827.76,0,0,0,1,0,0,0,0,0,0,0,0,0,0,"1,783",0,620,TrustedSeedMember
0xDF290293C4A4d6eBe38Fd7085d7721041f927E0a,0,0,5186.54,2,0,0,2,0,1,0,0,0,0,0,0,0,9,"31,937",1,1110,TrustedSeedMember
0xdf8f53B9f83e611e1154402992c6F6CB7Daf246c,0,0,350.97,0,0,3,2,0,1,0,1,0,0,0,0,0,18,"2,042",1,1710,TrustedSeedMember
0xe0144FA05A0d32B5B1De10CcEe7211616B3E3EF0,0,0,289.9,25,0,0,2,0,1,0,0,0,0,0,24.87,0,34,"3,353",1,1420,TrustedSeedMember
0xe23e317463FAC259700D95572ee3417Ccbb3cb8C,0,0,0,0,0,0,0,0,0,0,0,0,0,0,0,0,0,"2,865",0,200,TrustedSeedMember
0xe280B552A5cd0067d91F6cDB4060F678b460cE63,0,0,0,0,0,0,1,0,1,0,0,0,0,0,0,0,276,0,0,700,RecentOpUser
0xE2F087785a79c6332Ee2d7e28e2955A60dB7095F,0,0,0,0,0,0,0,0,1,0,0,0,0,0,0,0,48,0,0,300,RecentOpUser
0xe32BF4B7b9cB091b04e8500344a578d56b8f2593,0,0,0,0,0,0,0,0,0,0,0,0,0,0,0,0,0,"44,774",0,200,TrustedSeedMember
0xe36e5afd431bbfd23598d2c37b018d2bde5eb5e1,0,0,0,0,0,0,0,1,1,0,0,0,0,0,0,0,1,0,0,800,Delegate
0xE42aCe1D1e686e9245F74795DA3433aec452Fd75,0,0,2.19,0,0,3,1,0,1,0,0,0,0,0,0,0,528,0,0,1010,RecentOpUser
0xe4633575FBd4Fa10C36Bd7Dc24bAb7775b0ADad4,0,0,0.24,0,0,0,0,0,1,0,0,0,0,0,0,0,58,0,0,310,RecentOpUser
0xE48bB442014FAd1ef67fb94B2171e1f6149bc1f4,0,0,0,0,0,0,0,0,1,0,0,0,0,0,0,0,18006,0,0,300,RecentOpUser
0xE4b9744aa513db29BD09dE2e830a2018d302EF74,0,0,0,0,0,0,0,0,1,0,0,0,0,0,0,0,1,"3,722",1,600,TrustedSeedMember
0xE4eDb277e41dc89aB076a1F049f4a3EfA700bCE8,0,0,0,0,0,0,0,0,0,0,0,0,0,0,0,0,170032,0,0,100,RecentOpUser
0xE50CefF4eCDe1a76AFc5153A99e5C7F84d1D25c8,0,0,0,0,0,0,0,0,0,0,0,0,0,0,0,0,0,"2,061",0,200,TrustedSeedMember
0xe532bD8FeF1bFa616EfB645e63214bDDF612ED5C,0,0,0,0,0,0,0,0,0,0,0,0,0,0,0,0,0,"1,125",0,200,TrustedSeedMember
0xe5Ac570506fF6289146CC43626D6Af540Aa67241,0,0,0,0,0,0,0,0,0,0,0,0,0,0,0,0,0,"12,005",0,200,TrustedSeedMember
0xe5F470E376554fB613A43FDe223e40a3bb338765,0,0,0,0,0,0,1,1,1,0,1,0,0,1,14.72,0,13,"2,184",1,2400,TrustedSeedMember
0xe621A0B2D4f837Fa2a4d15059dae91EA8D9aa9AC,0,0,0,0,0,0,0,0,0,0,0,0,0,0,0,0,0,"1,374",0,200,TrustedSeedMember
0xE64F06F695De4C4E21BA8F383a2675Fd884Ac720,0,0,0,1,0,0,0,0,1,0,0,0,0,0,0,0,3,"9,172",1,700,TrustedSeedMember
0xe7358d1805f27BAe1031c37d54e29888c7C87622,0,0,0,0,0,3,0,0,1,1,1,0,0,0,0,0,25,"1,125",1,1300,TrustedSeedMember
0xE73a198e7C07c418D7dcFd42f5E953074aBbD125,0,0,726.85,197,0,0,2,0,1,0,0,0,0,1,8.91,2,45,"5,470",1,1660,TrustedSeedMember
0xe885626097850ec1c5759d4bc8718c8762c68077,0,0,6433.96,0,0,1,2,1,1,0,0,0,0,0,0,0,29,"1,375",1,1810,TrustedSeedMember
0xe89C2545e4e05A79D21351CdEeDa4651ca48DeBc,0,0,0,0,0,0,0,0,1,0,0,0,0,0,0,0,3,"2,272",1,610,TrustedSeedMember
0xe93d59cc0bcecfd4ac204827ef67c5266079e2b5,0,0,1750,0,0,0,0,1,1,0,0,0,0,0,0,0,19,0,0,810,Delegate
0xEA080F268D478da08F95C174374e4f0B374044a5,0,0,0,0,0,0,1,0,1,0,0,0,0,0,0,0,127612,0,0,710,RecentOpUser
0xEa5F027482561b25CA3E5a5498cBD1E979932774,0,0,8317.79,0,0,0,2,0,1,0,0,0,0,0,0,0,2,"1,581",1,1010,TrustedSeedMember
0xEb07070B5B87a07278ca99F132FA5E304fc2E074,0,0,0,0,0,0,1,0,1,0,0,0,0,0,0,0,5296,0,0,700,RecentOpUser
0xEba266c4D218172f884074Df3892F3D800c197e0,0,0,0,0,0,0,0,0,0,0,0,0,0,0,0,0,0,"1,452",0,200,TrustedSeedMember
0xEbe80f029b1c02862B9E8a70a7e5317C06F62Cae,0,0,35581098.28,0,0,0,1,0,1,0,0,0,0,0,0,0,508556,0,0,710,RecentOpUser
0xeC8F0E5dE4B6C59Ff3641FD071dc783f146DcA06,0,0,0,0,0,0,0,0,0,0,0,0,0,0,0,0,0,"3,032",0,200,TrustedSeedMember
0xeC952ED8e7c2AA466cac36fD611D2E87Df1243D7,0,0,1500,0,0,0,2,0,1,0,0,0,0,0,0,1,22,"10,844",1,1030,TrustedSeedMember
0xECE70AbF2499E2C93AFae1b2093AdC7817756c33,0,0,0,0,0,0,1,0,1,0,0,0,0,0,0,0,126183,0,0,710,RecentOpUser
0xed11e5ea95a5a3440fbaadc4cc404c56d0a5bb04,0,0,3810.21,0,0,0,2,1,1,0,0,0,0,0,0,0,24,0,0,1210,Delegate
0xED23B82A6b1b0d2e75b87c01B0FDc7fCfb49f456,0,0,0,0,0,0,0,0,0,0,0,0,0,0,0,0,0,"1,125",0,200,TrustedSeedMember
0xED77A2406bb16f56a5Dc5CC6D893f6500585A115,0,0,0,0,0,0,0,0,0,0,0,0,0,0,0,0,0,"1,684",0,200,TrustedSeedMember
0xed8DB37778804A913670d9367aAf4F043AAd938b,0,0,1383.38,90,0,4,2,0,1,0,1,1,0,0,6.08,1,76,"1,676",1,2640,TrustedSeedMember
0xedb892BBd19188cD2dEf63249d6a657Ac6F98935,0,0,0,1,0,1,0,0,1,0,0,0,0,0,12.75,0,1,"1,211",1,1300,TrustedSeedMember
0xeebc0fF65BaEaFBd971fF01b0E28aabD379936Ad,0,0,0,0,0,0,0,0,0,0,0,0,0,0,0,0,0,"2,250",1,300,TrustedSeedMember
0xeEE2E0166e342E0b56fE9d5b76Ce2c8eAdd935B4,0,0,0,0,0,0,0,0,1,0,0,0,0,0,0,0,5,"1,125",1,600,TrustedSeedMember
0xef8e3aD8F08929805B61b221Ea49f9e9A04e9553,0,0,0,0,0,0,0,0,0,0,0,0,0,0,0,0,0,0,0,0,RecentOpUser
0xEFA21088F3830cD7d9f526eA268f7AabA34F785F,0,0,116.57,3,0,0,2,0,1,0,0,0,0,0,0,0,6,"2,068",0,1010,TrustedSeedMember
0xeFb49ddB9511180aeEfd78Da68eA4977Fe02B0Cb,0,0,0,0,0,0,0,0,0,0,0,0,0,0,0,0,0,"4,395",0,200,TrustedSeedMember
0xEFCDc3A4164846b7e39C4708a7C816f4459F26bF,0,0,0,0,0,0,0,0,0,0,0,0,0,0,0,0,0,"2,857",1,300,TrustedSeedMember
0xEFde6a97AF618AD407211C3D5d494BC257948208,0,0,16.5,7,0,1,1,1,1,0,0,0,0,0,0,0,175,"2,725",0,1810,TrustedSeedMember
0xf09c860cAc4119C959ADB58fA4ad9bDdF665875F,0,0,0,0,0,0,1,0,1,1,1,1,0,0,0,0,37,"1,125",0,1800,TrustedSeedMember
0xF0a3b6DaAc28a0fCe094f2Cf264e040373d86F3F,0,0,681.26,0,0,0,1,0,0,0,0,0,0,0,0,0,1,"3,854",0,710,TrustedSeedMember
0xF0CdfA126a944849A6e9982253CD5259AfAe0355,0,0,1746.19,0,0,0,1,0,0,0,0,0,0,0,0,0,0,"1,125",0,610,TrustedSeedMember
0xF0dA4128a4ED2eD3fFE5d8618a6E002F338b8E52,0,0,174.75,0,0,0,2,0,1,0,0,0,0,0,0,0,14,"1,577",1,1010,TrustedSeedMember
0xf11704511975cC5908f6dBd89Be922f5C86c1055,0,0,0,40,0,1,0,0,1,0,1,0,0,1,0,7,22,"1,125",1,1750,TrustedSeedMember
0xF2283b9c60BDBaF9B0C41b2F52907AF7362a3302,0,0,0,0,0,0,0,0,0,0,0,0,0,0,0,0,0,"2,019",1,300,TrustedSeedMember
0xf22fe95e4bf11Bf8426271f7A644ed1f88D9E0A8,0,0,0,0,0,0,0,0,1,0,0,0,0,0,0,0,5,0,0,300,RecentOpUser
0xF23eA0b5F14afcbe532A1df273F7B233EBe41C78,0,0.5,0,4,0,1,0,0,1,0,1,1,0,0,0,0,18,"5,569",1,1920,TrustedSeedMember
0xF27838B0c3bA2eEe13B6eD3Fe13a90ef7b57a2cc,0,0,0,0,0,0,0,0,1,0,0,0,0,0,0,0,3,"25,083",1,600,TrustedSeedMember
0xF35960302a07022aBa880DFFaEC2Fdd64d5BF1c1,0,0,0,0,0,0,0,0,1,0,0,0,0,0,0,0,3,"1,382",0,500,TrustedSeedMember
0xf491d040110384DBcf7F241fFE2A546513fD873d,0,0,1527798.82,0,0,0,1,0,1,0,0,0,0,0,0,0,174692,0,0,710,RecentOpUser
0xf4b0556b9b6f53e00a1fdd2b0478ce841991d8fa,0,0,786.82,0,0,0,2,1,1,0,1,1,0,0,0,0,75,0,0,2110,Delegate
0xf503017D7baF7FBC0fff7492b751025c6A78179b,0,0,6362.51,4,0,2,2,0,1,0,0,0,0,1,0,0,10,"28,608",1,1620,TrustedSeedMember
0xf55e4d10AF7CfE7FC822285b9B25e7af883380c6,0,0,0.23,0,0,0,0,0,1,0,0,0,0,0,0,0,12,0,0,310,RecentOpUser
0xf592eE0E3a20Ddd65882E0fE6bFBB4B465A98Ae4,0,1196.47,0,0,0,0,0,0,1,0,0,0,0,0,0,0,23,"3,604",0,510,TrustedSeedMember
0xf780eE9f9e50248E7F8433a132a4b0b00B3dA313,0,0,555.93,0,0,0,1,0,0,0,0,0,0,0,0,0,0,"2,989",1,710,TrustedSeedMember
0xf83775C95A00612D4CAc5053Dd484FfA81BaE0aD,0,0,1308.92,0,0,0,2,0,1,0,0,0,0,0,0,0,10,"23,908",1,1020,TrustedSeedMember
0xf8A798764a7c12e031B05C0F4aCde7A950eF71A0,0,0,0,0,0,0,0,0,0,0,0,0,0,0,0,0,0,"6,835",0,200,TrustedSeedMember
0xF8D1d34956cEa24718cf8687588D6FeDbc6d9AA6,0,0,2163.07,28,0,1,2,0,1,0,1,0,0,0,0,0,10,"41,220",1,1820,TrustedSeedMember
0xf9299c8663D195481cd54b6F7e32bb45aD1C9a2b,0,0,0,0,0,0,0,0,0,0,0,0,0,0,0,0,0,"2,103",0,200,TrustedSeedMember
0xf9EC80A5d637Ff06F14d829f6AdDCa3147A3F691,0,0,0,0,0,0,0,0,0,0,0,0,0,0,0,0,0,"1,125",0,200,TrustedSeedMember
0xFA011d8d6C26F13Abe2CEFEd38226E401B2b8a99,0,0,2469.36,0,0,0,1,0,1,0,0,0,0,0,0,0,409670,0,0,710,RecentOpUser
0xfB2e9D1C95dcd5665eE230352d9973263f822F8a,0,0,0,1,0,0,0,0,0,0,0,0,0,0,0,0,0,"2,643",0,300,TrustedSeedMember
0xFBC56Be13C23c18B6864D062e413da3c7e0f74Fb,0,1925.84,0,0,0,2,1,0,1,0,0,0,0,0,0,2,56,"3,159",1,1850,TrustedSeedMember
0xfbcd4a6c3Ce9388C079d3D4B2c0FB0766E90604e,0,0,0,0,0,0,0,0,0,0,0,0,0,0,0,0,0,Pending to mint,1,300,TrustedSeedMember
0xFC0d511Ccd6Dc4c28fD132FFD6e69648555720Db,0,0,1023,10,0,0,1,0,1,0,0,0,0,0,0,0,263,0,0,810,RecentOpUser
0xFcAb105F670509866592DBe810B01f23eC6168ef,0,0,0,0,0,0,0,0,1,0,0,0,0,0,0,0,13,0,0,300,RecentOpUser
0xfcfE8f0b4abb3f376FB064daF7A83cce77536891,0,0,0,0,0,0,0,0,0,0,0,0,0,0,0,0,0,"1,125",0,200,TrustedSeedMember
0xfE6B3Daf5DB93C8203316956844b3Ae23521a722,0,0,0,0,0,0,0,0,0,0,0,0,0,0,0,0,0,"1,465",0,200,TrustedSeedMember
0xfe96D1eD2A4C9E60e0e3030609aF0361A515169e,0,0,27.21,0,0,3,1,0,1,0,0,0,0,0,0,0,344,"1,134",0,1220,TrustedSeedMember
0xfF6d6a7718A234A84f740480Dbb07f6c09cF1cD5,0,0,555.93,0,0,0,1,0,0,0,0,0,0,0,0,0,0,"14,062",1,720,TrustedSeedMember
0x5e349eca2dc61aBCd9dD99Ce94d04136151a09Ee,,,,,,,,,,,,,,,,,,,,,CitizenHouse
0x429F9aDA43e9F345CbB85EC88681BB70Df808892,,,,,,,,,,,,,,,,,,,,,CitizenHouse
0xF4B0556B9B6F53E00A1FDD2b0478Ce841991D8fA,,,,,,,,,,,,,,,,,,,,,CitizenHouse
0x2B888954421b424C5D3D9Ce9bB67c9bD47537d12,,,,,,,,,,,,,,,,,,,,,CitizenHouse
0x48A63097E1Ac123b1f5A8bbfFafA4afa8192FaB0,,,,,,,,,,,,,,,,,,,,,CitizenHouse
0x75536CF4f01c2bFa528F5c74DdC1232Db3aF3Ee5,,,,,,,,,,,,,,,,,,,,,CitizenHouse
0x6EdA5aCafF7F5964E1EcC3FD61C62570C186cA0C,,,,,,,,,,,,,,,,,,,,,CitizenHouse
0x8f07bc36ff569312FDC41F3867D80bBd2FE94b76,,,,,,,,,,,,,,,,,,,,,CitizenHouse
0x839395e20bbB182fa440d08F850E6c7A8f6F0780,,,,,,,,,,,,,,,,,,,,,CitizenHouse
0x45a10F35BeFa4aB841c77860204b133118B7CcAE,,,,,,,,,,,,,,,,,,,,,CitizenHouse
0xdb5781a835b60110298fF7205D8ef9678Ff1f800,,,,,,,,,,,,,,,,,,,,,CitizenHouse
0x9e5B45e4872DE2Ee4b6ffBd06b3735501826B032,,,,,,,,,,,,,,,,,,,,,CitizenHouse
0x94Db037207F6fB697DBd33524aaDffD108819DC8,,,,,,,,,,,,,,,,,,,,,CitizenHouse
0x7899d9b1181cbB427b0b1BE0684C096C260F7474,,,,,,,,,,,,,,,,,,,,,CitizenHouse
0xDCF7bE2ff93E1a7671724598b1526F3A33B1eC25,,,,,,,,,,,,,,,,,,,,,CitizenHouse
0x512fce9B07Ce64590849115EE6B32fd40eC0f5F3,,,,,,,,,,,,,,,,,,,,,CitizenHouse
0x0331969e189D63fBc31D771Bb04Ab44227D748D8,,,,,,,,,,,,,,,,,,,,,CitizenHouse
0x1de2A056508E0D0dd88A88f1f5cdf9cfa510795c,,,,,,,,,,,,,,,,,,,,,CitizenHouse
0x7fC80faD32Ec41fd5CfcC14EeE9C31953b6B4a8B,,,,,,,,,,,,,,,,,,,,,CitizenHouse
0x66946def4ba6153C500D743b7A5FebfC1654d6bD,,,,,,,,,,,,,,,,,,,,,CitizenHouse
0x5d36a202687fD6Bd0f670545334bF0B4827Cc1E2,,,,,,,,,,,,,,,,,,,,,CitizenHouse
0xd8dA6BF26964aF9D7eEd9e03E53415D37aA96045,,,,,,,,,,,,,,,,,,,,,CitizenHouse
0x885c327cAD2aebb969dfaAb4c928B73CA17e3887,,,,,,,,,,,,,,,,,,,,,CitizenHouse
0x648aA14e4424e0825A5cE739C8C68610e143FB79,,,,,,,,,,,,,,,,,,,,,CitizenHouse
0x61B647D3b5a04Eec7E78B1d9CFbF9deA593c7865,,,,,,,,,,,,,,,,,,,,,CitizenHouse
0x00409fC839a2Ec2e6d12305423d37Cd011279C09,,,,,,,,,,,,,,,,,,,,,CitizenHouse
0xfA53D837B5dDd616007F91487F041d27edb683A0,,,,,,,,,,,,,,,,,,,,,CitizenHouse
0x4Fd6B3204A6Ab48978018b25821682F090840333,,,,,,,,,,,,,,,,,,,,,CitizenHouse
0xF68D2BfCecd7895BBa05a7451Dd09A1749026454,,,,,,,,,,,,,,,,,,,,,CitizenHouse
0x0000006916a87b82333f4245046623b23794C65C,,,,,,,,,,,,,,,,,,,,,CitizenHouse
0x006a8a496889e9983A5256F34B608Ee9569ba319,,,,,,,,,,,,,,,,,,,,,CitizenHouse
0x00De4B13153673BCAE2616b67bf822500d325Fc3,,,,,,,,,,,,,,,,,,,,,CitizenHouse
0x0242B5601803651b0F6CEe7030F9A59bA2B70984,,,,,,,,,,,,,,,,,,,,,CitizenHouse
0x06F455e2C297a4Ae015191FA7A4A11C77c5b1b7c,,,,,,,,,,,,,,,,,,,,,CitizenHouse
0x07Fda67513EC0897866098a11dC3858089D4A505,,,,,,,,,,,,,,,,,,,,,CitizenHouse
0x07bF3CDA34aA78d92949bbDce31520714AB5b228,,,,,,,,,,,,,,,,,,,,,CitizenHouse
0x0f2CE18919b4eb9838760cFDDa65E4C8766E9c19,,,,,,,,,,,,,,,,,,,,,CitizenHouse
0x0f756e2CAE5583D63584001BAaC2C88eDd2A9876,,,,,,,,,,,,,,,,,,,,,CitizenHouse
0x12681667BB220521C222F50ECE5Eb752046bc144,,,,,,,,,,,,,,,,,,,,,CitizenHouse
0x14276eB29e90541831cb94C80331484ae6D2A1D8,,,,,,,,,,,,,,,,,,,,,CitizenHouse
0x146cfED833cC926B16B0dA9257E8A281c2add9F3,,,,,,,,,,,,,,,,,,,,,CitizenHouse
0x15C6AC4Cf1b5E49c44332Fb0a1043Ccab19db80a,,,,,,,,,,,,,,,,,,,,,CitizenHouse
0x17640d0D8C93bF710b6Ee4208997BB727B5B7bc2,,,,,,,,,,,,,,,,,,,,,CitizenHouse
0x1C9a6c17BA87451520cC4aA4ca63DB07Dc180242,,,,,,,,,,,,,,,,,,,,,CitizenHouse
0x1E6D9F536a5d1CC04fC13b3133EFdB90C8EE5ea1,,,,,,,,,,,,,,,,,,,,,CitizenHouse
0x1F5D295778796a8b9f29600A585Ab73D452AcB1c,,,,,,,,,,,,,,,,,,,,,CitizenHouse
0x1d3bf13f8f7A83390d03Db5E23A950778e1d1309,,,,,,,,,,,,,,,,,,,,,CitizenHouse
0x23936429FC179dA0e1300644fB3B489c736D562F,,,,,,,,,,,,,,,,,,,,,CitizenHouse
0x255c1A9431f1e93aDA3d997d87d5E1c97B051d3c,,,,,,,,,,,,,,,,,,,,,CitizenHouse
0x25a2dF1d1310da75e8BC115cc797673E777B7e27,,,,,,,,,,,,,,,,,,,,,CitizenHouse
0x288C53a1BA857EaD34AD0e79F644087F8174185a,,,,,,,,,,,,,,,,,,,,,CitizenHouse
0x28F569cC6C29D804A1720edC16bF1eBab2eA35B4,,,,,,,,,,,,,,,,,,,,,CitizenHouse
0x29C4dbC1a81d06c9AA2fAed93Bb8B4a78F3eabDb,,,,,,,,,,,,,,,,,,,,,CitizenHouse
0x308fedfb88F6E85F27b85c8011cCb9b5e15BCbF7,,,,,,,,,,,,,,,,,,,,,CitizenHouse
0x34aA3F359A9D614239015126635CE7732c18fDF3,,,,,,,,,,,,,,,,,,,,,CitizenHouse
0x378c23B326504Df4d29c81BA6757F53b2c59f315,,,,,,,,,,,,,,,,,,,,,CitizenHouse
0x396a34c10b11E33a4Bf6F3e6A419A23c54Ad34Fb,,,,,,,,,,,,,,,,,,,,,CitizenHouse
0x399e0Ae23663F27181Ebb4e66Ec504b3AAB25541,,,,,,,,,,,,,,,,,,,,,CitizenHouse
0x3B16821A5dBBFF86E4a88eA0621EC6be016cd79A,,,,,,,,,,,,,,,,,,,,,CitizenHouse
0x3B60e31CFC48a9074CD5bEbb26C9EAa77650a43F,,,,,,,,,,,,,,,,,,,,,CitizenHouse
0x3DB5b38ef4b433D9C6A664Bd35551BE73313189A,,,,,,,,,,,,,,,,,,,,,CitizenHouse
0x3E31155a1c17c9F85e74828447aec412090a4622,,,,,,,,,,,,,,,,,,,,,CitizenHouse
0x3d84a438Af72F6396785EEa97B32F903520e36C8,,,,,,,,,,,,,,,,,,,,,CitizenHouse
0x434F5325DdcdbBfcCE64bE2617c72c4Aa33Ec3E7,,,,,,,,,,,,,,,,,,,,,CitizenHouse
0x488b2608A66e5d32E5a91eba21A198bd3Fd8BcD9,,,,,,,,,,,,,,,,,,,,,CitizenHouse
0x490C91F38Ec57E3ab00811e0C51A62BfED7e81F4,,,,,,,,,,,,,,,,,,,,,CitizenHouse
0x51448923d8a215a5A8cd872a51f22c2f5c43b444,,,,,,,,,,,,,,,,,,,,,CitizenHouse
0x534631Bcf33BDb069fB20A93d2fdb9e4D4dD42CF,,,,,,,,,,,,,,,,,,,,,CitizenHouse
0x53C61cfb8128ad59244E8c1D26109252ACe23d14,,,,,,,,,,,,,,,,,,,,,CitizenHouse
0x53e0B897EAE600B2F6855FCe4a42482E9229D2c2,,,,,,,,,,,,,,,,,,,,,CitizenHouse
0x5507dbd48a5A5bAcE8a6030e878cC4E0af147C33,,,,,,,,,,,,,,,,,,,,,CitizenHouse
0x5554672e67bA866B9861701D0e0494AB324aD19A,,,,,,,,,,,,,,,,,,,,,CitizenHouse
0x5555763613a12D8F3e73be831DFf8598089d3dCa,,,,,,,,,,,,,,,,,,,,,CitizenHouse
0x55aEd0ce035883626e536254dda2F23a5b5D977f,,,,,,,,,,,,,,,,,,,,,CitizenHouse
0x576F1E53afe5e99b2257258C7E3248d3a1822548,,,,,,,,,,,,,,,,,,,,,CitizenHouse
0x57893e666BD15E886D74751B0879361A3383b57A,,,,,,,,,,,,,,,,,,,,,CitizenHouse
0x581BEf12967f06f2eBfcabb7504fA61f0326CD9A,,,,,,,,,,,,,,,,,,,,,CitizenHouse
0x585639fBf797c1258eBA8875c080Eb63C833d252,,,,,,,,,,,,,,,,,,,,,CitizenHouse
0x5872Ce037211233b9F6F5095c25988021f270C21,,,,,,,,,,,,,,,,,,,,,CitizenHouse
0x5a5D9aB7b1bD978F80909503EBb828879daCa9C3,,,,,,,,,,,,,,,,,,,,,CitizenHouse
0x60Ca282757BA67f3aDbF21F3ba2eBe4Ab3eb01fc,,,,,,,,,,,,,,,,,,,,,CitizenHouse
0x616caD18642F45d3fa5FCaaD0a2d81764A9cBa84,,,,,,,,,,,,,,,,,,,,,CitizenHouse
0x634C474A393E4498Bc2F0C1DeE16A50E9E0Ebe2b,,,,,,,,,,,,,,,,,,,,,CitizenHouse
0x64FeD9e56B548343E7bb47c49ecd7FFa9f1A34FE,,,,,,,,,,,,,,,,,,,,,CitizenHouse
0x665d84FFFddd72D24Df555E6b065B833478DfFCa,,,,,,,,,,,,,,,,,,,,,CitizenHouse
0x66810420d110919a0E8b550fDE3fE24D50ef0e26,,,,,,,,,,,,,,,,,,,,,CitizenHouse
0x66810420d110919a0E8b550fDE3fE24D50ef0e26,,,,,,,,,,,,,,,,,,,,,CitizenHouse
0x66Da63B03feCA7Dd44a5bB023BB3645D3252Fa32,,,,,,,,,,,,,,,,,,,,,CitizenHouse
0x69DC230B06A15796e3f42bAF706e0e55d4D5eAA1,,,,,,,,,,,,,,,,,,,,,CitizenHouse
0x69E271483C38ED4902a55C3Ea8AAb9e7cc8617E5,,,,,,,,,,,,,,,,,,,,,CitizenHouse
0x6Dc43be93a8b5Fd37dC16f24872BaBc6dA5E5e3E,,,,,,,,,,,,,,,,,,,,,CitizenHouse
0x6cD9F140F52005508F0077D9271b58119ba09A6e,,,,,,,,,,,,,,,,,,,,,CitizenHouse
0x7125A7C2e913D70125900630fA36a342cBCb1338,,,,,,,,,,,,,,,,,,,,,CitizenHouse
0x73186b2A81952C2340c4eB2e74e89869E1183dF0,,,,,,,,,,,,,,,,,,,,,CitizenHouse
0x75cac0CEb8A39DdB4942A83AD2aAfaF0C2A3e13f,,,,,,,,,,,,,,,,,,,,,CitizenHouse
0x767386986608690D510ed234D5Cfd3a9BB50cfb6,,,,,,,,,,,,,,,,,,,,,CitizenHouse
0x7AE8b0D6353F0931EB9FaC0A3562fA9e4C6Ff933,,,,,,,,,,,,,,,,,,,,,CitizenHouse
0x7F22646E85Da79953Ac09E9b45EE1b3Be3A42abC,,,,,,,,,,,,,,,,,,,,,CitizenHouse
0x7a48A728d9Fd2d5a55c545c4378E5bA909349E90,,,,,,,,,,,,,,,,,,,,,CitizenHouse
0x801707059a55D748b23b02043c71b7A3D976F071,,,,,,,,,,,,,,,,,,,,,CitizenHouse
0x826976d7C600d45FB8287CA1d7c76FC8eb732030,,,,,,,,,,,,,,,,,,,,,CitizenHouse
0x842bB1bb84CC8A3D6277b0ff9729d22D55E9C50B,,,,,,,,,,,,,,,,,,,,,CitizenHouse
0x849151d7D0bF1F34b70d5caD5149D28CC2308bf1,,,,,,,,,,,,,,,,,,,,,CitizenHouse
0x894Aa5F1E45454677A8560ddE3B45Cb5C427Ef92,,,,,,,,,,,,,,,,,,,,,CitizenHouse
0x8Eb9e5E5375b72eE7c5cb786CE8564D854C26A86,,,,,,,,,,,,,,,,,,,,,CitizenHouse
0x8c50651d964B1a573ba0cf51980CA51D9e42623C,,,,,,,,,,,,,,,,,,,,,CitizenHouse
0x91031DCFdEa024b4d51e775486111d2b2A715871,,,,,,,,,,,,,,,,,,,,,CitizenHouse
0x9194eFdF03174a804f3552F4F7B7A4bB74BaDb7F,,,,,,,,,,,,,,,,,,,,,CitizenHouse
0x925aFeB19355E289ED1346EDE709633cA8788b25,,,,,,,,,,,,,,,,,,,,,CitizenHouse
0x92Bf20563e747B2f8711549Be17A9d7B876c4053,,,,,,,,,,,,,,,,,,,,,CitizenHouse
0x98Ab20307fdABa1ce8b16d69d22461c6dbe85459,,,,,,,,,,,,,,,,,,,,,CitizenHouse
0x9934465Ee73BeAF148b1b3Ff232C8cD86c4c2c63,,,,,,,,,,,,,,,,,,,,,CitizenHouse
0x9C949881084dCbd97237f786710aB8e52a457136,,,,,,,,,,,,,,,,,,,,,CitizenHouse
0xA2BF1B0a7E079767B4701b5a1D9D5700eB42D1d1,,,,,,,,,,,,,,,,,,,,,CitizenHouse
0xA50d0e425461ccAb26Ef30104cDd879b90dB3843,,,,,,,,,,,,,,,,,,,,,CitizenHouse
0xABF28f8D9adFB2255F4a059e37d3BcE9104969dB,,,,,,,,,,,,,,,,,,,,,CitizenHouse
0xAC3A69DD4a8fEcC18b172Bfa9643D6b0863819c8,,,,,,,,,,,,,,,,,,,,,CitizenHouse
0xAeb99a255C3A243Ab3e4F654041e9BF5340cF313,,,,,,,,,,,,,,,,,,,,,CitizenHouse
0xB0623C91c65621df716aB8aFE5f66656B21A9108,,,,,,,,,,,,,,,,,,,,,CitizenHouse
0xBC39FB41Fe0229352774930c5Aa3Bf1635C2665F,,,,,,,,,,,,,,,,,,,,,CitizenHouse
0xBF430a49C4d85AeeD3908619D5387A1fbF8E74A9,,,,,,,,,,,,,,,,,,,,,CitizenHouse
0xDaDd7c883288Cfe2E257B0A361865E5e9349808b,,,,,,,,,,,,,,,,,,,,,CitizenHouse
0xDb150346155675dd0C93eFd960d5985244a34820,,,,,,,,,,,,,,,,,,,,,CitizenHouse
0xDc0A92c350A52b6583e235a57901B8731aF8B249,,,,,,,,,,,,,,,,,,,,,CitizenHouse
0xDcF09a83e9Cc4611b2215BFb7116BfAf5e906D3d,,,,,,,,,,,,,,,,,,,,,CitizenHouse
0xDca1bb1fc782eA3FA76eA4aDa42aF10C85766B6A,,,,,,,,,,,,,,,,,,,,,CitizenHouse
0xDd7a79b1b6e8Dd444F99d68a7D493A85556944a2,,,,,,,,,,,,,,,,,,,,,CitizenHouse
0xE4239eb12C1C6e5a84727dB0A7B0507311eb5389,,,,,,,,,,,,,,,,,,,,,CitizenHouse
0xE73F9c181B571Cac2bf3173634d04a9921b7fFcf,,,,,,,,,,,,,,,,,,,,,CitizenHouse
0xEee718c1e522ecB4b609265db7A83Ab48ea0B06f,,,,,,,,,,,,,,,,,,,,,CitizenHouse
0xF90494E746Be5674F3121C62A588DAdd2b3D3d4E,,,,,,,,,,,,,,,,,,,,,CitizenHouse
0xa142aB9eab9264807A41F0E5cbDab877D204E233,,,,,,,,,,,,,,,,,,,,,CitizenHouse
0xa2bbe92f4E320185DD42261897464F60C9A05A35,,,,,,,,,,,,,,,,,,,,,CitizenHouse
0xa3EaC0016f6581AC34768C0D4B99DDcd88071c3C,,,,,,,,,,,,,,,,,,,,,CitizenHouse
0xb8C6DA1C1e8A4473f290941278E66BFDBe4fd6C8,,,,,,,,,,,,,,,,,,,,,CitizenHouse
0xbc3ed6B537f2980e66f396Fe14210A56ba3f72C4,,,,,,,,,,,,,,,,,,,,,CitizenHouse
0xc2E2B715d9e302947Ec7e312fd2384b5a1296099,,,,,,,,,,,,,,,,,,,,,CitizenHouse
0xc5CD017ce8EFD2FefeDf114350657394531477AE,,,,,,,,,,,,,,,,,,,,,CitizenHouse
0xcf79C7EaEC5BDC1A9e32D099C5D6BdF67E4cF6e8,,,,,,,,,,,,,,,,,,,,,CitizenHouse
0xd31b671F1a398B519222FdAba5aB5464B9F2a3Fa,,,,,,,,,,,,,,,,,,,,,CitizenHouse
0xd35E119782059A27FEAd4EddA8B555f393650BC8,,,,,,,,,,,,,,,,,,,,,CitizenHouse
0xdA60aceb12A1A61d09B008ae4a60c760dB32220F,,,,,,,,,,,,,,,,,,,,,CitizenHouse
0xde2b6860cB3212A6a1f8f8628aBfe076723A4B39,,,,,,,,,,,,,,,,,,,,,CitizenHouse
0xe422d6C46a69e989BA6468CcD0435Cb0c5C243E3,,,,,,,,,,,,,,,,,,,,,CitizenHouse
0xe4c3768f48D4E676aE48c189db726eDF8C1D401e,,,,,,,,,,,,,,,,,,,,,CitizenHouse
0xe53e89d978Ff1da716f80BaA6E6D8B3FA23f2284,,,,,,,,,,,,,,,,,,,,,CitizenHouse
0xeF32eb37f3E8B4bDDdF99879b23015F309ED7304,,,,,,,,,,,,,,,,,,,,,CitizenHouse
0xebb03F5a580Ff088BD4269F88a0Cfe5eaF00D2b0,,,,,,,,,,,,,,,,,,,,,CitizenHouse
0xf503017D7baF7FBC0fff7492b751025c6A78179b,,,,,,,,,,,,,,,,,,,,,CitizenHouse
0xf5f7dd81069256ccBbB558FC29729d050636E7a0,,,,,,,,,,,,,,,,,,,,,CitizenHouse
0xf665F2eD351696817898fe0Ace20c5C1Bc3c5796,,,,,,,,,,,,,,,,,,,,,CitizenHouse